observation_id,source,planning_year,document_id,balancing_authority_raw,balancing_authority_normalized,owner_prefix_raw,project_name_raw,project_name_normalized,raw_record_text,in_service_year_raw,in_service_year,description_raw,supporting_statement_raw,voltage_raw,voltage_kv,project_type,project_type_confidence,project_type_method,location_mentions,endpoint_candidates,length_raw,length_miles,pdf_page_start,pdf_page_end,printed_page_start,printed_page_end,source_url,source_title,source_sha256,extraction_engine,extraction_engine_version,parser_version,pipeline_version,confidence,extraction_confidence,validation_status,warning_codes,validation_notes,field_provenance,latitude,longitude,geometry,utility,project_id_raw,project_need_raw,project_status_raw,planned_in_service_date_raw,estimated_cost_raw,estimated_cost_usd
scrtp-desc-2026-b67f9b219765f715cb64,scrtp,2026,scrtp-2026-desc-current-projects,DESC,DESC,,Summerville 115kV Loop: Rebuild,Summerville 115kV Loop: Rebuild,"Project 1 of 54
Dominion Energy South Carolina
Planned Transmission Projects $2M and above Total
5 Year Budget
Summerville 115kV Loop: Rebuild
Project ID
06810 H
Project Description
Replacing several wood pole sections on the Summerville 115 kV Loop that have reached the end of life.
Project Need
This project is required to address end of life and maintenance issues.
Project Status
In Progress
Planned In-Service Date
04/31/26
Estimated Project Cost
Previous 2026 2027 2028 2029 2030 Total
$13,675,885 $2,100,000 $0 $0 $0 $0 $15,775,885",04/31/26,2026,Replacing several wood pole sections on the Summerville 115 kV Loop that have reached the end of life.,This project is required to address end of life and maintenance issues.,"[""115kV"",""115 kV""]",[115.0],line_rebuild,HIGH,project_type_rules_v1,[],[],[],[],0,0,1,1,https://www.scrtp.com/assets/pdfs/home/2026-2030-2million-and-above-project-descriptions.pdf,DESC 2026-2030 $2 Million and Above Project Descriptions,e98bfeb86f2263f790f95f3510a9ab1e1b128c47e4ae633b8ccd27bedfea9b26,PyMuPDF,1.28.2,scrtp_desc_current_v1,0.1.0,HIGH,HIGH,valid,[],[],"{""balancing_authority_normalized"":{""notes"":null,""origin"":""deterministic_rule"",""rule_id"":""scrtp_desc_utility_v1"",""source_fields"":[""source""]},""in_service_year"":{""notes"":null,""origin"":""derived_from_source"",""rule_id"":""scrtp_desc_date_year_v1"",""source_fields"":[""planned_in_service_date_raw""]},""project_name_normalized"":{""notes"":null,""origin"":""normalized"",""rule_id"":""project_name_v1"",""source_fields"":[""project_name_raw""]},""project_type"":{""notes"":null,""origin"":""deterministic_rule"",""rule_id"":""project_type_rules_v1"",""source_fields"":[""project_name_raw"",""description_raw""]},""voltage_kv"":{""notes"":null,""origin"":""derived_from_source"",""rule_id"":""voltage_kv_v1"",""source_fields"":[""project_name_raw"",""description_raw"",""supporting_statement_raw""]}}",,,,DESC,06810 H,This project is required to address end of life and maintenance issues.,In Progress,04/31/26,"Previous 2026 2027 2028 2029 2030 Total $13,675,885 $2,100,000 $0 $0 $0 $0 $15,775,885",15775885
scrtp-desc-2026-5f045dde1ccaf5f7d88e,scrtp,2026,scrtp-2026-desc-current-projects,DESC,DESC,,Columbia Canal 115 kV: Rebuild,Columbia Canal 115 kV: Rebuild,"Project 2 of 54
Dominion Energy South Carolina
Planned Transmission Projects $2M and above Total
5 Year Budget
Columbia Canal 115 kV: Rebuild
Project ID
02726 K
Project Description
This is the DESC funded portion of the Columbia Canal project and encompasses replacing the poles on
the Columbia side of the canal.
Project Need
This project is required to address end of life and maintenance issues.
Project Status
In Progress
Planned In-Service Date
05/31/26
Estimated Project Cost
Previous 2026 2027 2028 2029 2030 Total
$150,364 $1,000,000 $0 $0 $0 $0 $1,150,364",05/31/26,2026,This is the DESC funded portion of the Columbia Canal project and encompasses replacing the poles on the Columbia side of the canal.,This project is required to address end of life and maintenance issues.,"[""115 kV""]",[115.0],line_rebuild,HIGH,project_type_rules_v1,[],[],[],[],1,1,2,2,https://www.scrtp.com/assets/pdfs/home/2026-2030-2million-and-above-project-descriptions.pdf,DESC 2026-2030 $2 Million and Above Project Descriptions,e98bfeb86f2263f790f95f3510a9ab1e1b128c47e4ae633b8ccd27bedfea9b26,PyMuPDF,1.28.2,scrtp_desc_current_v1,0.1.0,HIGH,HIGH,valid,[],[],"{""balancing_authority_normalized"":{""notes"":null,""origin"":""deterministic_rule"",""rule_id"":""scrtp_desc_utility_v1"",""source_fields"":[""source""]},""in_service_year"":{""notes"":null,""origin"":""derived_from_source"",""rule_id"":""scrtp_desc_date_year_v1"",""source_fields"":[""planned_in_service_date_raw""]},""project_name_normalized"":{""notes"":null,""origin"":""normalized"",""rule_id"":""project_name_v1"",""source_fields"":[""project_name_raw""]},""project_type"":{""notes"":null,""origin"":""deterministic_rule"",""rule_id"":""project_type_rules_v1"",""source_fields"":[""project_name_raw"",""description_raw""]},""voltage_kv"":{""notes"":null,""origin"":""derived_from_source"",""rule_id"":""voltage_kv_v1"",""source_fields"":[""project_name_raw"",""description_raw"",""supporting_statement_raw""]}}",,,,DESC,02726 K,This project is required to address end of life and maintenance issues.,In Progress,05/31/26,"Previous 2026 2027 2028 2029 2030 Total $150,364 $1,000,000 $0 $0 $0 $0 $1,150,364",1150364
scrtp-desc-2026-962089b5689400bb0b79,scrtp,2026,scrtp-2026-desc-current-projects,DESC,DESC,,Scout 230 kV Sub and Fold-in: Construct,Scout 230 kV Sub and Fold-in: Construct,"Project 3 of 54
Dominion Energy South Carolina
Planned Transmission Projects $2M and above Total
5 Year Budget
Scout 230 kV Sub and Fold-in: Construct
Project ID
6853 B-F
Project Description
Construct 230kV Transmission Line for Scout Customer Substation and modify VCS1 and Killian
terminals.
Project Need
Load growth.
Project Status
In Progress
Planned In-Service Date
5/31/2026
Estimated Project Cost
Previous 2026 2027 2028 2029 2030 Total
$17,360,044 $2,057,956 $2,590,000 $0 $0 $0 $19,418,000",5/31/2026,2026,Construct 230kV Transmission Line for Scout Customer Substation and modify VCS1 and Killian terminals.,Load growth.,"[""230 kV"",""230kV""]",[230.0],new_construction,HIGH,project_type_rules_v1,[],[],[],[],2,2,3,3,https://www.scrtp.com/assets/pdfs/home/2026-2030-2million-and-above-project-descriptions.pdf,DESC 2026-2030 $2 Million and Above Project Descriptions,e98bfeb86f2263f790f95f3510a9ab1e1b128c47e4ae633b8ccd27bedfea9b26,PyMuPDF,1.28.2,scrtp_desc_current_v1,0.1.0,HIGH,HIGH,valid,[],[],"{""balancing_authority_normalized"":{""notes"":null,""origin"":""deterministic_rule"",""rule_id"":""scrtp_desc_utility_v1"",""source_fields"":[""source""]},""in_service_year"":{""notes"":null,""origin"":""derived_from_source"",""rule_id"":""scrtp_desc_date_year_v1"",""source_fields"":[""planned_in_service_date_raw""]},""project_name_normalized"":{""notes"":null,""origin"":""normalized"",""rule_id"":""project_name_v1"",""source_fields"":[""project_name_raw""]},""project_type"":{""notes"":null,""origin"":""deterministic_rule"",""rule_id"":""project_type_rules_v1"",""source_fields"":[""project_name_raw"",""description_raw""]},""voltage_kv"":{""notes"":null,""origin"":""derived_from_source"",""rule_id"":""voltage_kv_v1"",""source_fields"":[""project_name_raw"",""description_raw"",""supporting_statement_raw""]}}",,,,DESC,6853 B-F,Load growth.,In Progress,5/31/2026,"Previous 2026 2027 2028 2029 2030 Total $17,360,044 $2,057,956 $2,590,000 $0 $0 $0 $19,418,000",19418000
scrtp-desc-2026-0ebf87ad38523a768f7f,scrtp,2026,scrtp-2026-desc-current-projects,DESC,DESC,,Eastover – Sumter 115kV DEP Tie: Rebuild with 1272 ACSR,Eastover - Sumter 115kV DEP Tie: Rebuild with 1272 ACSR,"Project 4 of 54
Dominion Energy South Carolina
Planned Transmission Projects $2M and above Total
5 Year Budget
Eastover – Sumter 115kV DEP Tie: Rebuild with 1272 ACSR
Project ID
6846 A
Project Description
Upgrade the DESC section (approx. 1 mile) of the tie line from 397.5 ACSR Ibis to 1272 ACSR.
Project Need
This project is needed to improve system performance and to meet NERC TPL and internal DESC
Planning Criteria for reliability.
Project Status
In Progress
Planned In-Service Date
5/31/2026
Estimated Project Cost
Previous 2026 2027 2028 2029 2030 Total
$88,443 $1,150,000 $850,000 $0 $0 $0 $1,238,443",5/31/2026,2026,Upgrade the DESC section (approx. 1 mile) of the tie line from 397.5 ACSR Ibis to 1272 ACSR.,This project is needed to improve system performance and to meet NERC TPL and internal DESC Planning Criteria for reliability.,"[""115kV""]",[115.0],line_rebuild,HIGH,project_type_rules_v1,[],[],"[""1 mile""]",[1.0],3,3,4,4,https://www.scrtp.com/assets/pdfs/home/2026-2030-2million-and-above-project-descriptions.pdf,DESC 2026-2030 $2 Million and Above Project Descriptions,e98bfeb86f2263f790f95f3510a9ab1e1b128c47e4ae633b8ccd27bedfea9b26,PyMuPDF,1.28.2,scrtp_desc_current_v1,0.1.0,HIGH,HIGH,valid,[],[],"{""balancing_authority_normalized"":{""notes"":null,""origin"":""deterministic_rule"",""rule_id"":""scrtp_desc_utility_v1"",""source_fields"":[""source""]},""in_service_year"":{""notes"":null,""origin"":""derived_from_source"",""rule_id"":""scrtp_desc_date_year_v1"",""source_fields"":[""planned_in_service_date_raw""]},""length_miles"":{""notes"":""Values are preserved independently and are not summed."",""origin"":""derived_from_source"",""rule_id"":""length_miles_v1"",""source_fields"":[""description_raw""]},""project_name_normalized"":{""notes"":null,""origin"":""normalized"",""rule_id"":""project_name_v1"",""source_fields"":[""project_name_raw""]},""project_type"":{""notes"":null,""origin"":""deterministic_rule"",""rule_id"":""project_type_rules_v1"",""source_fields"":[""project_name_raw"",""description_raw""]},""voltage_kv"":{""notes"":null,""origin"":""derived_from_source"",""rule_id"":""voltage_kv_v1"",""source_fields"":[""project_name_raw"",""description_raw"",""supporting_statement_raw""]}}",,,,DESC,6846 A,This project is needed to improve system performance and to meet NERC TPL and internal DESC Planning Criteria for reliability.,In Progress,5/31/2026,"Previous 2026 2027 2028 2029 2030 Total $88,443 $1,150,000 $850,000 $0 $0 $0 $1,238,443",1238443
scrtp-desc-2026-a475537e9a3c614817c8,scrtp,2026,scrtp-2026-desc-current-projects,DESC,DESC,,Batesburg - Saluda County 115kV: Rebuild,Batesburg - Saluda County 115kV: Rebuild,"Project 5 of 54
Dominion Energy South Carolina
Planned Transmission Projects $2M and above Total
5 Year Budget
Batesburg - Saluda County 115kV: Rebuild
Project ID
6809 N
Project Description
Rebuild 13.5 miles of conductor.
Project Need
Grid hardening.
Project Status
In Progress
Planned In-Service Date
06/31/2026
Estimated Project Cost
Previous 2026 2027 2028 2029 2030 Total
$12,223,765 $817,000 $0 $0 $0 $0 $13,040,765",06/31/2026,2026,Rebuild 13.5 miles of conductor.,Grid hardening.,"[""115kV""]",[115.0],line_rebuild,HIGH,project_type_rules_v1,"[""Batesburg"",""Saluda County""]","[""Batesburg"",""Saluda County""]","[""13.5 miles""]",[13.5],4,4,5,5,https://www.scrtp.com/assets/pdfs/home/2026-2030-2million-and-above-project-descriptions.pdf,DESC 2026-2030 $2 Million and Above Project Descriptions,e98bfeb86f2263f790f95f3510a9ab1e1b128c47e4ae633b8ccd27bedfea9b26,PyMuPDF,1.28.2,scrtp_desc_current_v1,0.1.0,HIGH,HIGH,valid,[],[],"{""balancing_authority_normalized"":{""notes"":null,""origin"":""deterministic_rule"",""rule_id"":""scrtp_desc_utility_v1"",""source_fields"":[""source""]},""endpoint_candidates"":{""notes"":""Text candidates only; no geocoding or entity resolution applied."",""origin"":""derived_from_source"",""rule_id"":""location_candidates_v1"",""source_fields"":[""project_name_raw""]},""in_service_year"":{""notes"":null,""origin"":""derived_from_source"",""rule_id"":""scrtp_desc_date_year_v1"",""source_fields"":[""planned_in_service_date_raw""]},""length_miles"":{""notes"":""Values are preserved independently and are not summed."",""origin"":""derived_from_source"",""rule_id"":""length_miles_v1"",""source_fields"":[""description_raw""]},""location_mentions"":{""notes"":""Text candidates only; no geocoding or entity resolution applied."",""origin"":""derived_from_source"",""rule_id"":""location_candidates_v1"",""source_fields"":[""project_name_raw""]},""project_name_normalized"":{""notes"":null,""origin"":""normalized"",""rule_id"":""project_name_v1"",""source_fields"":[""project_name_raw""]},""project_type"":{""notes"":null,""origin"":""deterministic_rule"",""rule_id"":""project_type_rules_v1"",""source_fields"":[""project_name_raw"",""description_raw""]},""voltage_kv"":{""notes"":null,""origin"":""derived_from_source"",""rule_id"":""voltage_kv_v1"",""source_fields"":[""project_name_raw"",""description_raw"",""supporting_statement_raw""]}}",,,,DESC,6809 N,Grid hardening.,In Progress,06/31/2026,"Previous 2026 2027 2028 2029 2030 Total $12,223,765 $817,000 $0 $0 $0 $0 $13,040,765",13040765
scrtp-desc-2026-4adc3d7895d500e1fdc4,scrtp,2026,scrtp-2026-desc-current-projects,DESC,DESC,,Summerville-Boone Hill 115kV: Move Line for US78 SCDOT Road Widening,Summerville-Boone Hill 115kV: Move Line for US78 SCDOT Road Widening,"Project 6 of 54
Dominion Energy South Carolina
Planned Transmission Projects $2M and above Total
5 Year Budget
Summerville-Boone Hill 115kV: Move Line for US78 SCDOT Road
Widening
Project ID
06874 B
Project Description
Move Summerville – Boone Hill 115kV Transmission Line for SCDOT Road widening. Approximately 1.2
miles of Transmission line (23 Transmission Poles).
Project Need
This project is required to address SCDOT Road Widening.
Project Status
In Progress
Planned In-Service Date
07/31/26
Estimated Project Cost
Previous 2026 2027 2028 2029 2030 Total
$8,475,000 $4,000,000 $0 $0 $0 $0 $12,475,000",07/31/26,2026,Move Summerville – Boone Hill 115kV Transmission Line for SCDOT Road widening. Approximately 1.2 miles of Transmission line (23 Transmission Poles).,This project is required to address SCDOT Road Widening.,"[""115kV""]",[115.0],unknown,LOW,project_type_rules_v1,[],[],"[""1.2 miles""]",[1.2],5,5,6,6,https://www.scrtp.com/assets/pdfs/home/2026-2030-2million-and-above-project-descriptions.pdf,DESC 2026-2030 $2 Million and Above Project Descriptions,e98bfeb86f2263f790f95f3510a9ab1e1b128c47e4ae633b8ccd27bedfea9b26,PyMuPDF,1.28.2,scrtp_desc_current_v1,0.1.0,HIGH,HIGH,valid,[],[],"{""balancing_authority_normalized"":{""notes"":null,""origin"":""deterministic_rule"",""rule_id"":""scrtp_desc_utility_v1"",""source_fields"":[""source""]},""in_service_year"":{""notes"":null,""origin"":""derived_from_source"",""rule_id"":""scrtp_desc_date_year_v1"",""source_fields"":[""planned_in_service_date_raw""]},""length_miles"":{""notes"":""Values are preserved independently and are not summed."",""origin"":""derived_from_source"",""rule_id"":""length_miles_v1"",""source_fields"":[""description_raw""]},""project_name_normalized"":{""notes"":null,""origin"":""normalized"",""rule_id"":""project_name_v1"",""source_fields"":[""project_name_raw""]},""project_type"":{""notes"":null,""origin"":""deterministic_rule"",""rule_id"":""project_type_rules_v1"",""source_fields"":[""project_name_raw"",""description_raw""]},""voltage_kv"":{""notes"":null,""origin"":""derived_from_source"",""rule_id"":""voltage_kv_v1"",""source_fields"":[""project_name_raw"",""description_raw"",""supporting_statement_raw""]}}",,,,DESC,06874 B,This project is required to address SCDOT Road Widening.,In Progress,07/31/26,"Previous 2026 2027 2028 2029 2030 Total $8,475,000 $4,000,000 $0 $0 $0 $0 $12,475,000",12475000
scrtp-desc-2026-51b7f3df6753d9825f1a,scrtp,2026,scrtp-2026-desc-current-projects,DESC,DESC,,Urquhart – Toolebeck 115kV line: Rebuild,Urquhart - Toolebeck 115kV line: Rebuild,"Project 7 of 54
Dominion Energy South Carolina
Planned Transmission Projects $2M and above Total
5 Year Budget
Urquhart – Toolebeck 115kV line: Rebuild
Project ID
6852
Project Description
Upgrade the 477 ACSR portions of the Urquhart – Toolebeck 115 kV line to 1272 ACSR. Replace existing
structures with Single Pole Double Circuit Structures. Approximately 12.5 miles.
Project Need
This project is needed to improve system performance and to meet NERC TPL and internal DESC
Planning Criteria for reliability.
Project Status
In Progress
Planned In-Service Date
8/12/2026
Estimated Project Cost
Previous 2026 2027 2028 2029 2030 Total
$8,245,538 $7,703,082 $0 $0 $0 $0 $15,948,620",8/12/2026,2026,Upgrade the 477 ACSR portions of the Urquhart – Toolebeck 115 kV line to 1272 ACSR. Replace existing structures with Single Pole Double Circuit Structures. Approximately 12.5 miles.,This project is needed to improve system performance and to meet NERC TPL and internal DESC Planning Criteria for reliability.,"[""115kV"",""115 kV""]",[115.0],line_rebuild,HIGH,project_type_rules_v1,[],[],"[""12.5 miles""]",[12.5],6,6,7,7,https://www.scrtp.com/assets/pdfs/home/2026-2030-2million-and-above-project-descriptions.pdf,DESC 2026-2030 $2 Million and Above Project Descriptions,e98bfeb86f2263f790f95f3510a9ab1e1b128c47e4ae633b8ccd27bedfea9b26,PyMuPDF,1.28.2,scrtp_desc_current_v1,0.1.0,HIGH,HIGH,valid,[],[],"{""balancing_authority_normalized"":{""notes"":null,""origin"":""deterministic_rule"",""rule_id"":""scrtp_desc_utility_v1"",""source_fields"":[""source""]},""in_service_year"":{""notes"":null,""origin"":""derived_from_source"",""rule_id"":""scrtp_desc_date_year_v1"",""source_fields"":[""planned_in_service_date_raw""]},""length_miles"":{""notes"":""Values are preserved independently and are not summed."",""origin"":""derived_from_source"",""rule_id"":""length_miles_v1"",""source_fields"":[""description_raw""]},""project_name_normalized"":{""notes"":null,""origin"":""normalized"",""rule_id"":""project_name_v1"",""source_fields"":[""project_name_raw""]},""project_type"":{""notes"":null,""origin"":""deterministic_rule"",""rule_id"":""project_type_rules_v1"",""source_fields"":[""project_name_raw"",""description_raw""]},""voltage_kv"":{""notes"":null,""origin"":""derived_from_source"",""rule_id"":""voltage_kv_v1"",""source_fields"":[""project_name_raw"",""description_raw"",""supporting_statement_raw""]}}",,,,DESC,6852,This project is needed to improve system performance and to meet NERC TPL and internal DESC Planning Criteria for reliability.,In Progress,8/12/2026,"Previous 2026 2027 2028 2029 2030 Total $8,245,538 $7,703,082 $0 $0 $0 $0 $15,948,620",15948620
scrtp-desc-2026-4a7942c7cf9090d1615f,scrtp,2026,scrtp-2026-desc-current-projects,DESC,DESC,,Dawson 230kV Sub and Fold-in: Construct and Rebuild,Dawson 230kV Sub and Fold-in: Construct and Rebuild,"Project 8 of 54
Dominion Energy South Carolina
Planned Transmission Projects $2M and above Total
5 Year Budget
Dawson 230kV Sub and Fold-in: Construct and Rebuild
Project ID
6859
Project Description
Construct Dawson 230kV substation. Fold in the existing Canadys – Church Creek and Canadys – Faber
Place 230kV lines at the Dawson 230kV substation (phase 1). Rebuild Canadys – Dawson 230kV #1 and
#2 with B1272 ACSR (phase 2).
Project Need
Load growth.
Project Status
In Progress
Planned In-Service Date
10/1/2025 (phase 1) and 10/1/2026 (phase 2)
Estimated Project Cost
Previous 2026 2027 2028 2029 2030 Total
$12,978,366 $40,860,000 $39,764,841 $0 $0 $0 $93,603,207",10/1/2025 (phase 1) and 10/1/2026 (phase 2),,Construct Dawson 230kV substation. Fold in the existing Canadys – Church Creek and Canadys – Faber Place 230kV lines at the Dawson 230kV substation (phase 1). Rebuild Canadys – Dawson 230kV #1 and #2 with B1272 ACSR (phase 2).,Load growth.,"[""230kV""]",[230.0],line_rebuild,HIGH,project_type_rules_v1,[],[],[],[],7,7,8,8,https://www.scrtp.com/assets/pdfs/home/2026-2030-2million-and-above-project-descriptions.pdf,DESC 2026-2030 $2 Million and Above Project Descriptions,e98bfeb86f2263f790f95f3510a9ab1e1b128c47e4ae633b8ccd27bedfea9b26,PyMuPDF,1.28.2,scrtp_desc_current_v1,0.1.0,HIGH,HIGH,valid,[],[],"{""balancing_authority_normalized"":{""notes"":null,""origin"":""deterministic_rule"",""rule_id"":""scrtp_desc_utility_v1"",""source_fields"":[""source""]},""project_name_normalized"":{""notes"":null,""origin"":""normalized"",""rule_id"":""project_name_v1"",""source_fields"":[""project_name_raw""]},""project_type"":{""notes"":null,""origin"":""deterministic_rule"",""rule_id"":""project_type_rules_v1"",""source_fields"":[""project_name_raw"",""description_raw""]},""voltage_kv"":{""notes"":null,""origin"":""derived_from_source"",""rule_id"":""voltage_kv_v1"",""source_fields"":[""project_name_raw"",""description_raw"",""supporting_statement_raw""]}}",,,,DESC,6859,Load growth.,In Progress,10/1/2025 (phase 1) and 10/1/2026 (phase 2),"Previous 2026 2027 2028 2029 2030 Total $12,978,366 $40,860,000 $39,764,841 $0 $0 $0 $93,603,207",93603207
scrtp-desc-2026-9b5c3fa9b64a36b4c27d,scrtp,2026,scrtp-2026-desc-current-projects,DESC,DESC,,Cainhoy - Hamlin 115kV: Rebuild Line and Cainhoy – Hamlin 115 kV #2: Construct New 115 kV Line,Cainhoy - Hamlin 115kV: Rebuild Line and Cainhoy - Hamlin 115 kV #2: Construct New 115 kV Line,"Project 9 of 54
Dominion Energy South Carolina
Planned Transmission Projects $2M and above Total
5 Year Budget
Cainhoy - Hamlin 115kV: Rebuild Line and Cainhoy – Hamlin 115 kV #2:
Construct New 115 kV Line
Project ID
6341 A-F
Project Description
Upgrade the 954 ACSR portion of the Cainhoy – Hamlin 115 kV line to B795 ACSR conductor, construct a
new Cainhoy – Hamlin 115 kV #2 line, add terminals to Cainhoy and Hamlin sub to accommodate
upgrades.
Project Need
This project is required due to load growth in the Mount Pleasant area and to meet NERC TPL and
internal DESC Planning criteria.
Project Status
In Progress
Planned In-Service Date
12/02/26
Estimated Project Cost
Previous 2026 2027 2028 2029 2030 Total
$15,658,628 $25,200,000 $0 $0 $0 $0 $40,858,628",12/02/26,2026,"Upgrade the 954 ACSR portion of the Cainhoy – Hamlin 115 kV line to B795 ACSR conductor, construct a new Cainhoy – Hamlin 115 kV #2 line, add terminals to Cainhoy and Hamlin sub to accommodate upgrades.",This project is required due to load growth in the Mount Pleasant area and to meet NERC TPL and internal DESC Planning criteria.,"[""115kV"",""115 kV""]",[115.0],line_rebuild,HIGH,project_type_rules_v1,"[""Cainhoy"",""Hamlin""]","[""Cainhoy"",""Hamlin""]",[],[],8,8,9,9,https://www.scrtp.com/assets/pdfs/home/2026-2030-2million-and-above-project-descriptions.pdf,DESC 2026-2030 $2 Million and Above Project Descriptions,e98bfeb86f2263f790f95f3510a9ab1e1b128c47e4ae633b8ccd27bedfea9b26,PyMuPDF,1.28.2,scrtp_desc_current_v1,0.1.0,HIGH,HIGH,valid,[],[],"{""balancing_authority_normalized"":{""notes"":null,""origin"":""deterministic_rule"",""rule_id"":""scrtp_desc_utility_v1"",""source_fields"":[""source""]},""endpoint_candidates"":{""notes"":""Text candidates only; no geocoding or entity resolution applied."",""origin"":""derived_from_source"",""rule_id"":""location_candidates_v1"",""source_fields"":[""project_name_raw""]},""in_service_year"":{""notes"":null,""origin"":""derived_from_source"",""rule_id"":""scrtp_desc_date_year_v1"",""source_fields"":[""planned_in_service_date_raw""]},""location_mentions"":{""notes"":""Text candidates only; no geocoding or entity resolution applied."",""origin"":""derived_from_source"",""rule_id"":""location_candidates_v1"",""source_fields"":[""project_name_raw""]},""project_name_normalized"":{""notes"":null,""origin"":""normalized"",""rule_id"":""project_name_v1"",""source_fields"":[""project_name_raw""]},""project_type"":{""notes"":null,""origin"":""deterministic_rule"",""rule_id"":""project_type_rules_v1"",""source_fields"":[""project_name_raw"",""description_raw""]},""voltage_kv"":{""notes"":null,""origin"":""derived_from_source"",""rule_id"":""voltage_kv_v1"",""source_fields"":[""project_name_raw"",""description_raw"",""supporting_statement_raw""]}}",,,,DESC,6341 A-F,This project is required due to load growth in the Mount Pleasant area and to meet NERC TPL and internal DESC Planning criteria.,In Progress,12/02/26,"Previous 2026 2027 2028 2029 2030 Total $15,658,628 $25,200,000 $0 $0 $0 $0 $40,858,628",40858628
scrtp-desc-2026-1b30b2d7f1243af224a6,scrtp,2026,scrtp-2026-desc-current-projects,DESC,DESC,,Coit – Gills Creek 115kV: Construct,Coit - Gills Creek 115kV: Construct,"Project 10 of 54
Dominion Energy South Carolina
Planned Transmission Projects $2M and above Total
5 Year Budget
Coit – Gills Creek 115kV: Construct
Project ID
5392 A-C
Project Description
Convert the existing Coit - Gills Creek 33 kV Line to 115 kV. Approximately 1.25 miles. Construct Gills
Creek Terminal at Coit Bus #1.
Project Need
Load growth.
Project Status
In Progress
Planned In-Service Date
12/31/2026
Estimated Project Cost
Previous 2026 2027 2028 2029 2030 Total
$5,323,202 $450,000 $0 $0 $0 $0 $5,773,202",12/31/2026,2026,Convert the existing Coit - Gills Creek 33 kV Line to 115 kV. Approximately 1.25 miles. Construct Gills Creek Terminal at Coit Bus #1.,Load growth.,"[""115kV"",""33 kV"",""115 kV""]","[115.0,33.0]",new_construction,HIGH,project_type_rules_v1,[],[],"[""1.25 miles""]",[1.25],9,9,10,10,https://www.scrtp.com/assets/pdfs/home/2026-2030-2million-and-above-project-descriptions.pdf,DESC 2026-2030 $2 Million and Above Project Descriptions,e98bfeb86f2263f790f95f3510a9ab1e1b128c47e4ae633b8ccd27bedfea9b26,PyMuPDF,1.28.2,scrtp_desc_current_v1,0.1.0,HIGH,HIGH,valid,[],[],"{""balancing_authority_normalized"":{""notes"":null,""origin"":""deterministic_rule"",""rule_id"":""scrtp_desc_utility_v1"",""source_fields"":[""source""]},""in_service_year"":{""notes"":null,""origin"":""derived_from_source"",""rule_id"":""scrtp_desc_date_year_v1"",""source_fields"":[""planned_in_service_date_raw""]},""length_miles"":{""notes"":""Values are preserved independently and are not summed."",""origin"":""derived_from_source"",""rule_id"":""length_miles_v1"",""source_fields"":[""description_raw""]},""project_name_normalized"":{""notes"":null,""origin"":""normalized"",""rule_id"":""project_name_v1"",""source_fields"":[""project_name_raw""]},""project_type"":{""notes"":null,""origin"":""deterministic_rule"",""rule_id"":""project_type_rules_v1"",""source_fields"":[""project_name_raw"",""description_raw""]},""voltage_kv"":{""notes"":null,""origin"":""derived_from_source"",""rule_id"":""voltage_kv_v1"",""source_fields"":[""project_name_raw"",""description_raw"",""supporting_statement_raw""]}}",,,,DESC,5392 A-C,Load growth.,In Progress,12/31/2026,"Previous 2026 2027 2028 2029 2030 Total $5,323,202 $450,000 $0 $0 $0 $0 $5,773,202",5773202
scrtp-desc-2026-99cdb225cd296159f73c,scrtp,2026,scrtp-2026-desc-current-projects,DESC,DESC,,"Okatie 230-115kV Substation, Jasper – Yemassee 230kV #1 Fold-in","Okatie 230-115kV Substation, Jasper - Yemassee 230kV #1 Fold-in","Project 11 of 54
Dominion Energy South Carolina
Planned Transmission Projects $2M and above Total
5 Year Budget
Okatie 230-115kV Substation, Jasper – Yemassee 230kV #1 Fold-in
Project ID
0139 M,N
Project Description
Expand existing Okatie Transmission sub, add a 230-115 autobank and fold the Jasper – Yemassee 230
kV #1 line into the 230 kV side. Construct two additional 115 kV bus tie lines.
Project Need
This project is needed to improve system performance and to meet NERC TPL and internal DESC
Planning Criteria for reliability.
Project Status
In Progress
Planned In-Service Date
12/31/2026
Estimated Project Cost
Previous 2026 2027 2028 2029 2030 Total
$7,204,010 $3,401,335 $1,024,912 $0 $0 $0 $11,630,257",12/31/2026,2026,"Expand existing Okatie Transmission sub, add a 230-115 autobank and fold the Jasper – Yemassee 230 kV #1 line into the 230 kV side. Construct two additional 115 kV bus tie lines.",This project is needed to improve system performance and to meet NERC TPL and internal DESC Planning Criteria for reliability.,"[""115kV"",""230kV"",""230 kV"",""115 kV""]","[115.0,230.0]",new_construction,HIGH,project_type_rules_v1,[],[],[],[],10,10,11,11,https://www.scrtp.com/assets/pdfs/home/2026-2030-2million-and-above-project-descriptions.pdf,DESC 2026-2030 $2 Million and Above Project Descriptions,e98bfeb86f2263f790f95f3510a9ab1e1b128c47e4ae633b8ccd27bedfea9b26,PyMuPDF,1.28.2,scrtp_desc_current_v1,0.1.0,HIGH,HIGH,valid,[],[],"{""balancing_authority_normalized"":{""notes"":null,""origin"":""deterministic_rule"",""rule_id"":""scrtp_desc_utility_v1"",""source_fields"":[""source""]},""in_service_year"":{""notes"":null,""origin"":""derived_from_source"",""rule_id"":""scrtp_desc_date_year_v1"",""source_fields"":[""planned_in_service_date_raw""]},""project_name_normalized"":{""notes"":null,""origin"":""normalized"",""rule_id"":""project_name_v1"",""source_fields"":[""project_name_raw""]},""project_type"":{""notes"":null,""origin"":""deterministic_rule"",""rule_id"":""project_type_rules_v1"",""source_fields"":[""project_name_raw"",""description_raw""]},""voltage_kv"":{""notes"":null,""origin"":""derived_from_source"",""rule_id"":""voltage_kv_v1"",""source_fields"":[""project_name_raw"",""description_raw"",""supporting_statement_raw""]}}",,,,DESC,"0139 M,N",This project is needed to improve system performance and to meet NERC TPL and internal DESC Planning Criteria for reliability.,In Progress,12/31/2026,"Previous 2026 2027 2028 2029 2030 Total $7,204,010 $3,401,335 $1,024,912 $0 $0 $0 $11,630,257",11630257
scrtp-desc-2026-6c4897da52154c18c1d1,scrtp,2026,scrtp-2026-desc-current-projects,DESC,DESC,,Jasper – Okatie 230 kV #2: Construct,Jasper - Okatie 230 kV #2: Construct,"Project 12 of 54
Dominion Energy South Carolina
Planned Transmission Projects $2M and above Total
5 Year Budget
Jasper – Okatie 230 kV #2: Construct
Project ID
06367 D - G
Project Description
Construct a 230 kV line with B1272 ACSR from Jasper to Okatie 230/115kV Substation. The line is
estimated to be 6.5 miles long. This makes Jasper a Medium Impact substation and will require a new
CIP Hut.
Project Need
This project is needed to improve system performance and to meet NERC TPL and internal DESC
Planning Criteria for reliability.
Project Status
In Progress
Planned In-Service Date
12/01/2026
Estimated Project Cost
Previous 2026 2027 2028 2029 2030 Total
$14,303648 $4,976,826 $0 $0 $0 $0 $19,280,474",12/01/2026,2026,Construct a 230 kV line with B1272 ACSR from Jasper to Okatie 230/115kV Substation. The line is estimated to be 6.5 miles long. This makes Jasper a Medium Impact substation and will require a new CIP Hut.,This project is needed to improve system performance and to meet NERC TPL and internal DESC Planning Criteria for reliability.,"[""230 kV"",""230/115kV""]","[230.0,115.0]",new_construction,HIGH,project_type_rules_v1,[],[],"[""6.5 miles""]",[6.5],11,11,12,12,https://www.scrtp.com/assets/pdfs/home/2026-2030-2million-and-above-project-descriptions.pdf,DESC 2026-2030 $2 Million and Above Project Descriptions,e98bfeb86f2263f790f95f3510a9ab1e1b128c47e4ae633b8ccd27bedfea9b26,PyMuPDF,1.28.2,scrtp_desc_current_v1,0.1.0,HIGH,HIGH,valid,[],[],"{""balancing_authority_normalized"":{""notes"":null,""origin"":""deterministic_rule"",""rule_id"":""scrtp_desc_utility_v1"",""source_fields"":[""source""]},""in_service_year"":{""notes"":null,""origin"":""derived_from_source"",""rule_id"":""scrtp_desc_date_year_v1"",""source_fields"":[""planned_in_service_date_raw""]},""length_miles"":{""notes"":""Values are preserved independently and are not summed."",""origin"":""derived_from_source"",""rule_id"":""length_miles_v1"",""source_fields"":[""description_raw""]},""project_name_normalized"":{""notes"":null,""origin"":""normalized"",""rule_id"":""project_name_v1"",""source_fields"":[""project_name_raw""]},""project_type"":{""notes"":null,""origin"":""deterministic_rule"",""rule_id"":""project_type_rules_v1"",""source_fields"":[""project_name_raw"",""description_raw""]},""voltage_kv"":{""notes"":null,""origin"":""derived_from_source"",""rule_id"":""voltage_kv_v1"",""source_fields"":[""project_name_raw"",""description_raw"",""supporting_statement_raw""]}}",,,,DESC,06367 D - G,This project is needed to improve system performance and to meet NERC TPL and internal DESC Planning Criteria for reliability.,In Progress,12/01/2026,"Previous 2026 2027 2028 2029 2030 Total $14,303648 $4,976,826 $0 $0 $0 $0 $19,280,474",19280474
scrtp-desc-2026-7611950eee55380eb17f,scrtp,2026,scrtp-2026-desc-current-projects,DESC,DESC,,Riverport 115kV Tap: Construct Tap,Riverport 115kV Tap: Construct Tap,"Project 13 of 54
Dominion Energy South Carolina
Planned Transmission Projects $2M and above Total
5 Year Budget
Riverport 115kV Tap: Construct Tap
Project ID
6367 D
Project Description
Constructing a 230 kV Tap from Okatie to Riverport
Project Need
Reliability/Contingency Transmission Line Design
Project Status
In Progress
Planned In-Service Date
12/01/26
Estimated Project Cost
Previous 2026 2027 2028 2029 2030 Total
$14,773,047 $26,616,000 $0 $0 $0 $0 $41,389,047",12/01/26,2026,Constructing a 230 kV Tap from Okatie to Riverport,Reliability/Contingency Transmission Line Design,"[""115kV"",""230 kV""]","[115.0,230.0]",new_construction,HIGH,project_type_rules_v1,[],[],[],[],12,12,13,13,https://www.scrtp.com/assets/pdfs/home/2026-2030-2million-and-above-project-descriptions.pdf,DESC 2026-2030 $2 Million and Above Project Descriptions,e98bfeb86f2263f790f95f3510a9ab1e1b128c47e4ae633b8ccd27bedfea9b26,PyMuPDF,1.28.2,scrtp_desc_current_v1,0.1.0,HIGH,HIGH,valid,[],[],"{""balancing_authority_normalized"":{""notes"":null,""origin"":""deterministic_rule"",""rule_id"":""scrtp_desc_utility_v1"",""source_fields"":[""source""]},""in_service_year"":{""notes"":null,""origin"":""derived_from_source"",""rule_id"":""scrtp_desc_date_year_v1"",""source_fields"":[""planned_in_service_date_raw""]},""project_name_normalized"":{""notes"":null,""origin"":""normalized"",""rule_id"":""project_name_v1"",""source_fields"":[""project_name_raw""]},""project_type"":{""notes"":null,""origin"":""deterministic_rule"",""rule_id"":""project_type_rules_v1"",""source_fields"":[""project_name_raw"",""description_raw""]},""voltage_kv"":{""notes"":null,""origin"":""derived_from_source"",""rule_id"":""voltage_kv_v1"",""source_fields"":[""project_name_raw"",""description_raw"",""supporting_statement_raw""]}}",,,,DESC,6367 D,Reliability/Contingency Transmission Line Design,In Progress,12/01/26,"Previous 2026 2027 2028 2029 2030 Total $14,773,047 $26,616,000 $0 $0 $0 $0 $41,389,047",41389047
scrtp-desc-2026-ff156d76c0883982f0fe,scrtp,2026,scrtp-2026-desc-current-projects,DESC,DESC,,Flat Rock 115kV Sub and Tap: Construct,Flat Rock 115kV Sub and Tap: Construct,"Project 14 of 54
Dominion Energy South Carolina
Planned Transmission Projects $2M and above Total
5 Year Budget
Flat Rock 115kV Sub and Tap: Construct
Project ID
6381
Project Description
Constructing a 115 kV tap off the Belv Sw Sta - Graniteville 115 kV #1 line to feed the new Sub. Will
include a 3-Way GOAB.
Project Need
Growth Load Transmission Line Design
Project Status
In Progress
Planned In-Service Date
12/31/26
Estimated Project Cost
Previous 2026 2027 2028 2029 2030 Total
$1,743,210 $2,206,790 $0 $0 $0 $0 $3,950,000",12/31/26,2026,Constructing a 115 kV tap off the Belv Sw Sta - Graniteville 115 kV #1 line to feed the new Sub. Will include a 3-Way GOAB.,Growth Load Transmission Line Design,"[""115kV"",""115 kV""]",[115.0],new_construction,HIGH,project_type_rules_v1,[],[],[],[],13,13,14,14,https://www.scrtp.com/assets/pdfs/home/2026-2030-2million-and-above-project-descriptions.pdf,DESC 2026-2030 $2 Million and Above Project Descriptions,e98bfeb86f2263f790f95f3510a9ab1e1b128c47e4ae633b8ccd27bedfea9b26,PyMuPDF,1.28.2,scrtp_desc_current_v1,0.1.0,HIGH,HIGH,valid,[],[],"{""balancing_authority_normalized"":{""notes"":null,""origin"":""deterministic_rule"",""rule_id"":""scrtp_desc_utility_v1"",""source_fields"":[""source""]},""in_service_year"":{""notes"":null,""origin"":""derived_from_source"",""rule_id"":""scrtp_desc_date_year_v1"",""source_fields"":[""planned_in_service_date_raw""]},""project_name_normalized"":{""notes"":null,""origin"":""normalized"",""rule_id"":""project_name_v1"",""source_fields"":[""project_name_raw""]},""project_type"":{""notes"":null,""origin"":""deterministic_rule"",""rule_id"":""project_type_rules_v1"",""source_fields"":[""project_name_raw"",""description_raw""]},""voltage_kv"":{""notes"":null,""origin"":""derived_from_source"",""rule_id"":""voltage_kv_v1"",""source_fields"":[""project_name_raw"",""description_raw"",""supporting_statement_raw""]}}",,,,DESC,6381,Growth Load Transmission Line Design,In Progress,12/31/26,"Previous 2026 2027 2028 2029 2030 Total $1,743,210 $2,206,790 $0 $0 $0 $0 $3,950,000",3950000
scrtp-desc-2026-0e85d451a55e8819d96c,scrtp,2026,scrtp-2026-desc-current-projects,DESC,DESC,,Saluda Hydro – Bush River 115kV #1 and #2 Tie Lines Rebuild,Saluda Hydro - Bush River 115kV #1 and #2 Tie Lines Rebuild,"Project 15 of 54
Dominion Energy South Carolina
Planned Transmission Projects $2M and above Total
5 Year Budget
Saluda Hydro – Bush River 115kV #1 and #2 Tie Lines Rebuild
Project ID
6870 A
Project Description
Rebuild the existing Saluda Hydro – Bush River #1 and #2 Tie Lines to SPDC 1272.
Project Need
This project is needed to improve system performance and to meet NERC TPL and internal DESC
Planning Criteria for reliability.
Project Status
In Progress
Planned In-Service Date
12/31/2026
Estimated Project Cost
Previous 2026 2027 2028 2029 2030 Total
$2,865,825 $15,039,175 $2,225,000 $0 $0 $0 $20,400,000",12/31/2026,2026,Rebuild the existing Saluda Hydro – Bush River #1 and #2 Tie Lines to SPDC 1272.,This project is needed to improve system performance and to meet NERC TPL and internal DESC Planning Criteria for reliability.,"[""115kV""]",[115.0],line_rebuild,HIGH,project_type_rules_v1,[],[],[],[],14,14,15,15,https://www.scrtp.com/assets/pdfs/home/2026-2030-2million-and-above-project-descriptions.pdf,DESC 2026-2030 $2 Million and Above Project Descriptions,e98bfeb86f2263f790f95f3510a9ab1e1b128c47e4ae633b8ccd27bedfea9b26,PyMuPDF,1.28.2,scrtp_desc_current_v1,0.1.0,HIGH,HIGH,valid,[],[],"{""balancing_authority_normalized"":{""notes"":null,""origin"":""deterministic_rule"",""rule_id"":""scrtp_desc_utility_v1"",""source_fields"":[""source""]},""in_service_year"":{""notes"":null,""origin"":""derived_from_source"",""rule_id"":""scrtp_desc_date_year_v1"",""source_fields"":[""planned_in_service_date_raw""]},""project_name_normalized"":{""notes"":null,""origin"":""normalized"",""rule_id"":""project_name_v1"",""source_fields"":[""project_name_raw""]},""project_type"":{""notes"":null,""origin"":""deterministic_rule"",""rule_id"":""project_type_rules_v1"",""source_fields"":[""project_name_raw"",""description_raw""]},""voltage_kv"":{""notes"":null,""origin"":""derived_from_source"",""rule_id"":""voltage_kv_v1"",""source_fields"":[""project_name_raw"",""description_raw"",""supporting_statement_raw""]}}",,,,DESC,6870 A,This project is needed to improve system performance and to meet NERC TPL and internal DESC Planning Criteria for reliability.,In Progress,12/31/2026,"Previous 2026 2027 2028 2029 2030 Total $2,865,825 $15,039,175 $2,225,000 $0 $0 $0 $20,400,000",20400000
scrtp-desc-2026-62cca916e3889b16667d,scrtp,2026,scrtp-2026-desc-current-projects,DESC,DESC,,Church Creek – Faber Place – Charleston Transmission: Add 230kV Line,Church Creek - Faber Place - Charleston Transmission: Add 230kV Line,"Project 16 of 54
Dominion Energy South Carolina
Planned Transmission Projects $2M and above Total
5 Year Budget
Church Creek – Faber Place – Charleston Transmission: Add 230kV Line
Project ID
6847
Project Description
Construct a 230 kV transmission line from Church Creek to Charleston Transmission. The Church Creek –
Faber Place 230kV and 115kV lines will be rebuilt, and a 230kV line will be added between Faber Place
and Charleston Transmission. Add 230/115kV transformer at Charleston Transmission. Add/upgrade
terminals and bus work at impacted substations.
Project Need
This project is needed to improve system performance and to meet NERC TPL and internal DESC
Planning Criteria for reliability.
Project Status
In Progress
Planned In-Service Date
5/1/2027
Estimated Project Cost
Previous 2026 2027 2028 2029 2030 Total
$9,586,174 $9,867,000 $3,335,000 $5,617,468 $0 $0 $22,788,174",5/1/2027,2027,"Construct a 230 kV transmission line from Church Creek to Charleston Transmission. The Church Creek – Faber Place 230kV and 115kV lines will be rebuilt, and a 230kV line will be added between Faber Place and Charleston Transmission. Add 230/115kV transformer at Charleston Transmission. Add/upgrade terminals and bus work at impacted substations.",This project is needed to improve system performance and to meet NERC TPL and internal DESC Planning Criteria for reliability.,"[""230kV"",""230 kV"",""115kV"",""230/115kV""]","[230.0,115.0]",new_construction,HIGH,project_type_rules_v1,[],[],[],[],15,15,16,16,https://www.scrtp.com/assets/pdfs/home/2026-2030-2million-and-above-project-descriptions.pdf,DESC 2026-2030 $2 Million and Above Project Descriptions,e98bfeb86f2263f790f95f3510a9ab1e1b128c47e4ae633b8ccd27bedfea9b26,PyMuPDF,1.28.2,scrtp_desc_current_v1,0.1.0,HIGH,HIGH,valid,[],[],"{""balancing_authority_normalized"":{""notes"":null,""origin"":""deterministic_rule"",""rule_id"":""scrtp_desc_utility_v1"",""source_fields"":[""source""]},""in_service_year"":{""notes"":null,""origin"":""derived_from_source"",""rule_id"":""scrtp_desc_date_year_v1"",""source_fields"":[""planned_in_service_date_raw""]},""project_name_normalized"":{""notes"":null,""origin"":""normalized"",""rule_id"":""project_name_v1"",""source_fields"":[""project_name_raw""]},""project_type"":{""notes"":null,""origin"":""deterministic_rule"",""rule_id"":""project_type_rules_v1"",""source_fields"":[""project_name_raw"",""description_raw""]},""voltage_kv"":{""notes"":null,""origin"":""derived_from_source"",""rule_id"":""voltage_kv_v1"",""source_fields"":[""project_name_raw"",""description_raw"",""supporting_statement_raw""]}}",,,,DESC,6847,This project is needed to improve system performance and to meet NERC TPL and internal DESC Planning Criteria for reliability.,In Progress,5/1/2027,"Previous 2026 2027 2028 2029 2030 Total $9,586,174 $9,867,000 $3,335,000 $5,617,468 $0 $0 $22,788,174",22788174
scrtp-desc-2026-24a209cdb86fc26f12eb,scrtp,2026,scrtp-2026-desc-current-projects,DESC,DESC,,Yemassee– Ritter 230kV #1 & #2: Construct SPDC with B-1272,Yemassee- Ritter 230kV #1 & #2: Construct SPDC with B-1272,"Project 17 of 54
Dominion Energy South Carolina
Planned Transmission Projects $2M and above Total
5 Year Budget
Yemassee– Ritter 230kV #1 & #2: Construct SPDC with B-1272
Project ID
6359
Project Description
Construct Ritter – Yemassee 230kV #1 and #2 SPDC with B1272 ACSR on both sides. Convert the existing
Ritter – Yemassee 230 kV to 115 kV operation. Convert and add terminals at Ritter and Yemassee. Add
230 kV bus tie at Ritter and upgrade the Yemassee 230 kV bus tie.
Project Need
This project is needed to improve system performance and to meet NERC TPL and internal DESC
Planning Criteria for reliability.
Project Status
In Progress
Planned In-Service Date
6/1/2027
Estimated Project Cost
Previous 2026 2027 2028 2029 2030 Total
$28,424,742 $8,487,000 $2,155,000 $0 $0 $0 $39,066,742",6/1/2027,2027,Construct Ritter – Yemassee 230kV #1 and #2 SPDC with B1272 ACSR on both sides. Convert the existing Ritter – Yemassee 230 kV to 115 kV operation. Convert and add terminals at Ritter and Yemassee. Add 230 kV bus tie at Ritter and upgrade the Yemassee 230 kV bus tie.,This project is needed to improve system performance and to meet NERC TPL and internal DESC Planning Criteria for reliability.,"[""230kV"",""230 kV"",""115 kV""]","[230.0,115.0]",new_construction,HIGH,project_type_rules_v1,[],[],[],[],16,16,17,17,https://www.scrtp.com/assets/pdfs/home/2026-2030-2million-and-above-project-descriptions.pdf,DESC 2026-2030 $2 Million and Above Project Descriptions,e98bfeb86f2263f790f95f3510a9ab1e1b128c47e4ae633b8ccd27bedfea9b26,PyMuPDF,1.28.2,scrtp_desc_current_v1,0.1.0,HIGH,HIGH,valid,[],[],"{""balancing_authority_normalized"":{""notes"":null,""origin"":""deterministic_rule"",""rule_id"":""scrtp_desc_utility_v1"",""source_fields"":[""source""]},""in_service_year"":{""notes"":null,""origin"":""derived_from_source"",""rule_id"":""scrtp_desc_date_year_v1"",""source_fields"":[""planned_in_service_date_raw""]},""project_name_normalized"":{""notes"":null,""origin"":""normalized"",""rule_id"":""project_name_v1"",""source_fields"":[""project_name_raw""]},""project_type"":{""notes"":null,""origin"":""deterministic_rule"",""rule_id"":""project_type_rules_v1"",""source_fields"":[""project_name_raw"",""description_raw""]},""voltage_kv"":{""notes"":null,""origin"":""derived_from_source"",""rule_id"":""voltage_kv_v1"",""source_fields"":[""project_name_raw"",""description_raw"",""supporting_statement_raw""]}}",,,,DESC,6359,This project is needed to improve system performance and to meet NERC TPL and internal DESC Planning Criteria for reliability.,In Progress,6/1/2027,"Previous 2026 2027 2028 2029 2030 Total $28,424,742 $8,487,000 $2,155,000 $0 $0 $0 $39,066,742",39066742
scrtp-desc-2026-4d45267b2be012b25f45,scrtp,2026,scrtp-2026-desc-current-projects,DESC,DESC,,Fairfax-Yemassee 115kV: Upgrade for DESCSQ #1151 Interconnection,Fairfax-Yemassee 115kV: Upgrade for DESCSQ #1151 Interconnection,"Project 18 of 54
Dominion Energy South Carolina
Planned Transmission Projects $2M and above Total
5 Year Budget
Fairfax-Yemassee 115kV: Upgrade for DESCSQ #1151 Interconnection
Project ID
6238 H
Project Description
Upgrade 336 ACSR portion of DESCSQ #1151 - Yemassee 115 kV line to 1272 ACSR.
Project Need
This project is needed to interconnect DESCSQ #1151 in accordance with the DESC Transitional Cluster
System Impact Study.
Project Status
Planned
Planned In-Service Date
9/7/2027
Estimated Project Cost
Estimated cost of $20,350,000 is to be financed by the interconnection customer. DESC will reimburse
the full cost of the assigned upgrade to the interconnection customer after commercial operation of
DESCSQ #1151.",9/7/2027,2027,Upgrade 336 ACSR portion of DESCSQ #1151 - Yemassee 115 kV line to 1272 ACSR.,This project is needed to interconnect DESCSQ #1151 in accordance with the DESC Transitional Cluster System Impact Study.,"[""115kV"",""115 kV""]",[115.0],equipment_upgrade,HIGH,project_type_rules_v1,[],[],[],[],17,17,18,18,https://www.scrtp.com/assets/pdfs/home/2026-2030-2million-and-above-project-descriptions.pdf,DESC 2026-2030 $2 Million and Above Project Descriptions,e98bfeb86f2263f790f95f3510a9ab1e1b128c47e4ae633b8ccd27bedfea9b26,PyMuPDF,1.28.2,scrtp_desc_current_v1,0.1.0,HIGH,HIGH,valid,[],[],"{""balancing_authority_normalized"":{""notes"":null,""origin"":""deterministic_rule"",""rule_id"":""scrtp_desc_utility_v1"",""source_fields"":[""source""]},""in_service_year"":{""notes"":null,""origin"":""derived_from_source"",""rule_id"":""scrtp_desc_date_year_v1"",""source_fields"":[""planned_in_service_date_raw""]},""project_name_normalized"":{""notes"":null,""origin"":""normalized"",""rule_id"":""project_name_v1"",""source_fields"":[""project_name_raw""]},""project_type"":{""notes"":null,""origin"":""deterministic_rule"",""rule_id"":""project_type_rules_v1"",""source_fields"":[""project_name_raw"",""description_raw""]},""voltage_kv"":{""notes"":null,""origin"":""derived_from_source"",""rule_id"":""voltage_kv_v1"",""source_fields"":[""project_name_raw"",""description_raw"",""supporting_statement_raw""]}}",,,,DESC,6238 H,This project is needed to interconnect DESCSQ #1151 in accordance with the DESC Transitional Cluster System Impact Study.,Planned,9/7/2027,"Estimated cost of $20,350,000 is to be financed by the interconnection customer. DESC will reimburse the full cost of the assigned upgrade to the interconnection customer after commercial operation of DESCSQ #1151.",20350000
scrtp-desc-2026-df647554a741cc921e3b,scrtp,2026,scrtp-2026-desc-current-projects,DESC,DESC,,St George - Sumter 230kV Tie: Rebuild Line from Santee Substation - Duke/Progress Energy Tie,St George - Sumter 230kV Tie: Rebuild Line from Santee Substation - Duke/Progress Energy Tie,"Project 19 of 54
Dominion Energy South Carolina
Planned Transmission Projects $2M and above Total
5 Year Budget
St George - Sumter 230kV Tie: Rebuild Line from Santee Substation -
Duke/Progress Energy Tie
Project ID
6809 M
Project Description
Rebuild Line from Santee Substation - Duke/Progress Energy Tie.
Project Need
Grid hardening.
Project Status
Planned
Planned In-Service Date
12/31/2027
Estimated Project Cost
Previous 2026 2027 2028 2029 2030 Total
$219,331 $50,000 $4,300,000 0 $0 $0 $4,569,331",12/31/2027,2027,Rebuild Line from Santee Substation - Duke/Progress Energy Tie.,Grid hardening.,"[""230kV""]",[230.0],line_rebuild,HIGH,project_type_rules_v1,"[""St George"",""Sumter""]","[""St George"",""Sumter""]",[],[],18,18,19,19,https://www.scrtp.com/assets/pdfs/home/2026-2030-2million-and-above-project-descriptions.pdf,DESC 2026-2030 $2 Million and Above Project Descriptions,e98bfeb86f2263f790f95f3510a9ab1e1b128c47e4ae633b8ccd27bedfea9b26,PyMuPDF,1.28.2,scrtp_desc_current_v1,0.1.0,HIGH,HIGH,valid,[],[],"{""balancing_authority_normalized"":{""notes"":null,""origin"":""deterministic_rule"",""rule_id"":""scrtp_desc_utility_v1"",""source_fields"":[""source""]},""endpoint_candidates"":{""notes"":""Text candidates only; no geocoding or entity resolution applied."",""origin"":""derived_from_source"",""rule_id"":""location_candidates_v1"",""source_fields"":[""project_name_raw""]},""in_service_year"":{""notes"":null,""origin"":""derived_from_source"",""rule_id"":""scrtp_desc_date_year_v1"",""source_fields"":[""planned_in_service_date_raw""]},""location_mentions"":{""notes"":""Text candidates only; no geocoding or entity resolution applied."",""origin"":""derived_from_source"",""rule_id"":""location_candidates_v1"",""source_fields"":[""project_name_raw""]},""project_name_normalized"":{""notes"":null,""origin"":""normalized"",""rule_id"":""project_name_v1"",""source_fields"":[""project_name_raw""]},""project_type"":{""notes"":null,""origin"":""deterministic_rule"",""rule_id"":""project_type_rules_v1"",""source_fields"":[""project_name_raw"",""description_raw""]},""voltage_kv"":{""notes"":null,""origin"":""derived_from_source"",""rule_id"":""voltage_kv_v1"",""source_fields"":[""project_name_raw"",""description_raw"",""supporting_statement_raw""]}}",,,,DESC,6809 M,Grid hardening.,Planned,12/31/2027,"Previous 2026 2027 2028 2029 2030 Total $219,331 $50,000 $4,300,000 0 $0 $0 $4,569,331",4569331
scrtp-desc-2026-bbcc2e30ae237ba84769,scrtp,2026,scrtp-2026-desc-current-projects,DESC,DESC,,Hooks - Modoc 115/46 kV Rebuild,Hooks - Modoc 115/46 kV Rebuild,"Project 20 of 54
Dominion Energy South Carolina
Planned Transmission Projects $2M and above Total
5 Year Budget
Hooks - Modoc 115/46 kV Rebuild
Project ID
6809 G
Project Description
Upgrade 6.5 miles of aging conductor with 1272 ACSR and rebuild with SPDC.
Project Need
This project is required to address end of life and reliability issues on these lines.
Project Status
Planned
Planned In-Service Date
12/31/27
Estimated Project Cost
Previous 2026 2027 2028 2029 2030 Total
$234,285 $100,000 $10,200,000 $0 $0 $0 $10,534,285",12/31/27,2027,Upgrade 6.5 miles of aging conductor with 1272 ACSR and rebuild with SPDC.,This project is required to address end of life and reliability issues on these lines.,"[""115/46 kV""]","[115.0,46.0]",line_rebuild,HIGH,project_type_rules_v1,"[""Hooks"",""Modoc""]","[""Hooks"",""Modoc""]","[""6.5 miles""]",[6.5],19,19,20,20,https://www.scrtp.com/assets/pdfs/home/2026-2030-2million-and-above-project-descriptions.pdf,DESC 2026-2030 $2 Million and Above Project Descriptions,e98bfeb86f2263f790f95f3510a9ab1e1b128c47e4ae633b8ccd27bedfea9b26,PyMuPDF,1.28.2,scrtp_desc_current_v1,0.1.0,HIGH,HIGH,valid,[],[],"{""balancing_authority_normalized"":{""notes"":null,""origin"":""deterministic_rule"",""rule_id"":""scrtp_desc_utility_v1"",""source_fields"":[""source""]},""endpoint_candidates"":{""notes"":""Text candidates only; no geocoding or entity resolution applied."",""origin"":""derived_from_source"",""rule_id"":""location_candidates_v1"",""source_fields"":[""project_name_raw""]},""in_service_year"":{""notes"":null,""origin"":""derived_from_source"",""rule_id"":""scrtp_desc_date_year_v1"",""source_fields"":[""planned_in_service_date_raw""]},""length_miles"":{""notes"":""Values are preserved independently and are not summed."",""origin"":""derived_from_source"",""rule_id"":""length_miles_v1"",""source_fields"":[""description_raw""]},""location_mentions"":{""notes"":""Text candidates only; no geocoding or entity resolution applied."",""origin"":""derived_from_source"",""rule_id"":""location_candidates_v1"",""source_fields"":[""project_name_raw""]},""project_name_normalized"":{""notes"":null,""origin"":""normalized"",""rule_id"":""project_name_v1"",""source_fields"":[""project_name_raw""]},""project_type"":{""notes"":null,""origin"":""deterministic_rule"",""rule_id"":""project_type_rules_v1"",""source_fields"":[""project_name_raw"",""description_raw""]},""voltage_kv"":{""notes"":null,""origin"":""derived_from_source"",""rule_id"":""voltage_kv_v1"",""source_fields"":[""project_name_raw"",""description_raw"",""supporting_statement_raw""]}}",,,,DESC,6809 G,This project is required to address end of life and reliability issues on these lines.,Planned,12/31/27,"Previous 2026 2027 2028 2029 2030 Total $234,285 $100,000 $10,200,000 $0 $0 $0 $10,534,285",10534285
scrtp-desc-2026-580489b3325c66a1a3c7,scrtp,2026,scrtp-2026-desc-current-projects,DESC,DESC,,Burton-St Helena 115kV: Rebuild Frogmore Distribution – St. Helena Section,Burton-St Helena 115kV: Rebuild Frogmore Distribution - St. Helena Section,"Project 21 of 54
Dominion Energy South Carolina
Planned Transmission Projects $2M and above Total
5 Year Budget
Burton-St Helena 115kV: Rebuild Frogmore Distribution – St. Helena
Section
Project ID
6808 L
Project Description
Replace wooden structures with Self Supporting Steel Structures and restring with 1272 ACSR conductor
for the Frogmore Transmission – St. Helena section.
Project Need
This project is required to address end of life and reliability issues on these lines.
Project Status
In Progress
Planned In-Service Date
12/31/2027
Estimated Project Cost
Previous 2026 2027 2028 2029 2030 Total
$3,259,932 $3,800,000 $11,070,000 $0 $0 $0 $18,129,932",12/31/2027,2027,Replace wooden structures with Self Supporting Steel Structures and restring with 1272 ACSR conductor for the Frogmore Transmission – St. Helena section.,This project is required to address end of life and reliability issues on these lines.,"[""115kV""]",[115.0],line_rebuild,HIGH,project_type_rules_v1,[],[],[],[],20,20,21,21,https://www.scrtp.com/assets/pdfs/home/2026-2030-2million-and-above-project-descriptions.pdf,DESC 2026-2030 $2 Million and Above Project Descriptions,e98bfeb86f2263f790f95f3510a9ab1e1b128c47e4ae633b8ccd27bedfea9b26,PyMuPDF,1.28.2,scrtp_desc_current_v1,0.1.0,HIGH,HIGH,valid,[],[],"{""balancing_authority_normalized"":{""notes"":null,""origin"":""deterministic_rule"",""rule_id"":""scrtp_desc_utility_v1"",""source_fields"":[""source""]},""in_service_year"":{""notes"":null,""origin"":""derived_from_source"",""rule_id"":""scrtp_desc_date_year_v1"",""source_fields"":[""planned_in_service_date_raw""]},""project_name_normalized"":{""notes"":null,""origin"":""normalized"",""rule_id"":""project_name_v1"",""source_fields"":[""project_name_raw""]},""project_type"":{""notes"":null,""origin"":""deterministic_rule"",""rule_id"":""project_type_rules_v1"",""source_fields"":[""project_name_raw"",""description_raw""]},""voltage_kv"":{""notes"":null,""origin"":""derived_from_source"",""rule_id"":""voltage_kv_v1"",""source_fields"":[""project_name_raw"",""description_raw"",""supporting_statement_raw""]}}",,,,DESC,6808 L,This project is required to address end of life and reliability issues on these lines.,In Progress,12/31/2027,"Previous 2026 2027 2028 2029 2030 Total $3,259,932 $3,800,000 $11,070,000 $0 $0 $0 $18,129,932",18129932
scrtp-desc-2026-56b175a278b0372be50e,scrtp,2026,scrtp-2026-desc-current-projects,DESC,DESC,,Wagener 115kV Tap: Construct Tap,Wagener 115kV Tap: Construct Tap,"Project 22 of 54
Dominion Energy South Carolina
Planned Transmission Projects $2M and above Total
5 Year Budget
Wagener 115kV Tap: Construct Tap
Project ID
06371 D
Project Description
Constructing a 115 kV Tap off the Edmund Switching Station- Owens Corning 115 kV Line to feed new
Wagener Distribution substation.
Project Need
Load growth.
Project Status
Planned
Planned In-Service Date
12/31/27
Estimated Project Cost
Previous 2026 2027 2028 2029 2030 Total
$15,000 $175,000 $7,350,000 $0 $0 $0 $7,540,000",12/31/27,2027,Constructing a 115 kV Tap off the Edmund Switching Station- Owens Corning 115 kV Line to feed new Wagener Distribution substation.,Load growth.,"[""115kV"",""115 kV""]",[115.0],new_construction,HIGH,project_type_rules_v1,[],[],[],[],21,21,22,22,https://www.scrtp.com/assets/pdfs/home/2026-2030-2million-and-above-project-descriptions.pdf,DESC 2026-2030 $2 Million and Above Project Descriptions,e98bfeb86f2263f790f95f3510a9ab1e1b128c47e4ae633b8ccd27bedfea9b26,PyMuPDF,1.28.2,scrtp_desc_current_v1,0.1.0,HIGH,HIGH,valid,[],[],"{""balancing_authority_normalized"":{""notes"":null,""origin"":""deterministic_rule"",""rule_id"":""scrtp_desc_utility_v1"",""source_fields"":[""source""]},""in_service_year"":{""notes"":null,""origin"":""derived_from_source"",""rule_id"":""scrtp_desc_date_year_v1"",""source_fields"":[""planned_in_service_date_raw""]},""project_name_normalized"":{""notes"":null,""origin"":""normalized"",""rule_id"":""project_name_v1"",""source_fields"":[""project_name_raw""]},""project_type"":{""notes"":null,""origin"":""deterministic_rule"",""rule_id"":""project_type_rules_v1"",""source_fields"":[""project_name_raw"",""description_raw""]},""voltage_kv"":{""notes"":null,""origin"":""derived_from_source"",""rule_id"":""voltage_kv_v1"",""source_fields"":[""project_name_raw"",""description_raw"",""supporting_statement_raw""]}}",,,,DESC,06371 D,Load growth.,Planned,12/31/27,"Previous 2026 2027 2028 2029 2030 Total $15,000 $175,000 $7,350,000 $0 $0 $0 $7,540,000",7540000
scrtp-desc-2026-01721fe441d77ed53511,scrtp,2026,scrtp-2026-desc-current-projects,DESC,DESC,,Cameron Jct – Elloree 46 kV Rebuild,Cameron Jct - Elloree 46 kV Rebuild,"Project 23 of 54
Dominion Energy South Carolina
Planned Transmission Projects $2M and above Total
5 Year Budget
Cameron Jct – Elloree 46 kV Rebuild
Project ID
6810 U
Project Description
Rebuilding the Cameron Jct – Elloree 46 kV Line. 7.3 miles.
Project Need
System hardening
Project Status
Planned
Planned In-Service Date
12/31/2027
Estimated Project Cost
Previous 2026 2027 2028 2029 2030 Total
$125,000 $100,000 $7,850,000 $0 $0 $0 $8,075,000",12/31/2027,2027,Rebuilding the Cameron Jct – Elloree 46 kV Line. 7.3 miles.,System hardening,"[""46 kV""]",[46.0],line_rebuild,HIGH,project_type_rules_v1,[],[],"[""7.3 miles""]",[7.3],22,22,23,23,https://www.scrtp.com/assets/pdfs/home/2026-2030-2million-and-above-project-descriptions.pdf,DESC 2026-2030 $2 Million and Above Project Descriptions,e98bfeb86f2263f790f95f3510a9ab1e1b128c47e4ae633b8ccd27bedfea9b26,PyMuPDF,1.28.2,scrtp_desc_current_v1,0.1.0,HIGH,HIGH,valid,[],[],"{""balancing_authority_normalized"":{""notes"":null,""origin"":""deterministic_rule"",""rule_id"":""scrtp_desc_utility_v1"",""source_fields"":[""source""]},""in_service_year"":{""notes"":null,""origin"":""derived_from_source"",""rule_id"":""scrtp_desc_date_year_v1"",""source_fields"":[""planned_in_service_date_raw""]},""length_miles"":{""notes"":""Values are preserved independently and are not summed."",""origin"":""derived_from_source"",""rule_id"":""length_miles_v1"",""source_fields"":[""description_raw""]},""project_name_normalized"":{""notes"":null,""origin"":""normalized"",""rule_id"":""project_name_v1"",""source_fields"":[""project_name_raw""]},""project_type"":{""notes"":null,""origin"":""deterministic_rule"",""rule_id"":""project_type_rules_v1"",""source_fields"":[""project_name_raw"",""description_raw""]},""voltage_kv"":{""notes"":null,""origin"":""derived_from_source"",""rule_id"":""voltage_kv_v1"",""source_fields"":[""project_name_raw"",""description_raw"",""supporting_statement_raw""]}}",,,,DESC,6810 U,System hardening,Planned,12/31/2027,"Previous 2026 2027 2028 2029 2030 Total $125,000 $100,000 $7,850,000 $0 $0 $0 $8,075,000",8075000
scrtp-desc-2026-309795ee1adf28cf2ca0,scrtp,2026,scrtp-2026-desc-current-projects,DESC,DESC,,Atomic Road 115/12kV Sub: Construct,Atomic Road 115/12kV Sub: Construct,"Project 24 of 54
Dominion Energy South Carolina
Planned Transmission Projects $2M and above Total
5 Year Budget
Atomic Road 115/12kV Sub: Construct
Project ID
7956B
Project Description
New 115-12kV Sub Construction. Transformer will be 28 MVA. Will construct 4 bays with 3 breakers put
in service.
Project Need
Growth Customer Commitment Substation Design
Project Status
Planned
Planned In-Service Date
12/31/2028
Estimated Project Cost
Previous 2026 2027 2028 2029 2030 Total
$0 $90,000 $0 $3,556,027 $0 $0 $3,646,027",12/31/2028,2028,New 115-12kV Sub Construction. Transformer will be 28 MVA. Will construct 4 bays with 3 breakers put in service.,Growth Customer Commitment Substation Design,"[""115/12kV"",""12kV""]","[115.0,12.0]",new_construction,HIGH,project_type_rules_v1,[],[],[],[],23,23,24,24,https://www.scrtp.com/assets/pdfs/home/2026-2030-2million-and-above-project-descriptions.pdf,DESC 2026-2030 $2 Million and Above Project Descriptions,e98bfeb86f2263f790f95f3510a9ab1e1b128c47e4ae633b8ccd27bedfea9b26,PyMuPDF,1.28.2,scrtp_desc_current_v1,0.1.0,HIGH,HIGH,valid,[],[],"{""balancing_authority_normalized"":{""notes"":null,""origin"":""deterministic_rule"",""rule_id"":""scrtp_desc_utility_v1"",""source_fields"":[""source""]},""in_service_year"":{""notes"":null,""origin"":""derived_from_source"",""rule_id"":""scrtp_desc_date_year_v1"",""source_fields"":[""planned_in_service_date_raw""]},""project_name_normalized"":{""notes"":null,""origin"":""normalized"",""rule_id"":""project_name_v1"",""source_fields"":[""project_name_raw""]},""project_type"":{""notes"":null,""origin"":""deterministic_rule"",""rule_id"":""project_type_rules_v1"",""source_fields"":[""project_name_raw"",""description_raw""]},""voltage_kv"":{""notes"":null,""origin"":""derived_from_source"",""rule_id"":""voltage_kv_v1"",""source_fields"":[""project_name_raw"",""description_raw"",""supporting_statement_raw""]}}",,,,DESC,7956B,Growth Customer Commitment Substation Design,Planned,12/31/2028,"Previous 2026 2027 2028 2029 2030 Total $0 $90,000 $0 $3,556,027 $0 $0 $3,646,027",3646027
scrtp-desc-2026-539bcce2151a4cce3dfe,scrtp,2026,scrtp-2026-desc-current-projects,DESC,DESC,,Elloree – Santee City 46 kV: Rebuild,Elloree - Santee City 46 kV: Rebuild,"Project 25 of 54
Dominion Energy South Carolina
Planned Transmission Projects $2M and above Total
5 Year Budget
Elloree – Santee City 46 kV: Rebuild
Project ID
6810 J
Project Description
Rebuilding the 46 kV line between Elloree and Santee City. 8.35 miles.
Project Need
System hardening
Project Status
In Progress
Planned In-Service Date
12/31/2027
Estimated Project Cost
Previous 2026 2027 2028 2029 2030 Total
$94,609 $100,000 $10,000,000 $0 $0 $0 $10,294,609",12/31/2027,2027,Rebuilding the 46 kV line between Elloree and Santee City. 8.35 miles.,System hardening,"[""46 kV""]",[46.0],line_rebuild,HIGH,project_type_rules_v1,[],[],"[""8.35 miles""]",[8.35],24,24,25,25,https://www.scrtp.com/assets/pdfs/home/2026-2030-2million-and-above-project-descriptions.pdf,DESC 2026-2030 $2 Million and Above Project Descriptions,e98bfeb86f2263f790f95f3510a9ab1e1b128c47e4ae633b8ccd27bedfea9b26,PyMuPDF,1.28.2,scrtp_desc_current_v1,0.1.0,HIGH,HIGH,valid,[],[],"{""balancing_authority_normalized"":{""notes"":null,""origin"":""deterministic_rule"",""rule_id"":""scrtp_desc_utility_v1"",""source_fields"":[""source""]},""in_service_year"":{""notes"":null,""origin"":""derived_from_source"",""rule_id"":""scrtp_desc_date_year_v1"",""source_fields"":[""planned_in_service_date_raw""]},""length_miles"":{""notes"":""Values are preserved independently and are not summed."",""origin"":""derived_from_source"",""rule_id"":""length_miles_v1"",""source_fields"":[""description_raw""]},""project_name_normalized"":{""notes"":null,""origin"":""normalized"",""rule_id"":""project_name_v1"",""source_fields"":[""project_name_raw""]},""project_type"":{""notes"":null,""origin"":""deterministic_rule"",""rule_id"":""project_type_rules_v1"",""source_fields"":[""project_name_raw"",""description_raw""]},""voltage_kv"":{""notes"":null,""origin"":""derived_from_source"",""rule_id"":""voltage_kv_v1"",""source_fields"":[""project_name_raw"",""description_raw"",""supporting_statement_raw""]}}",,,,DESC,6810 J,System hardening,In Progress,12/31/2027,"Previous 2026 2027 2028 2029 2030 Total $94,609 $100,000 $10,000,000 $0 $0 $0 $10,294,609",10294609
scrtp-desc-2026-709d9acc84bd6eb25bd2,scrtp,2026,scrtp-2026-desc-current-projects,DESC,DESC,,Urquhart – Aiken PSA 46 kV: Rebuild,Urquhart - Aiken PSA 46 kV: Rebuild,"Project 26 of 54
Dominion Energy South Carolina
Planned Transmission Projects $2M and above Total
5 Year Budget
Urquhart – Aiken PSA 46 kV: Rebuild
Project ID
6810 O
Project Description
Rebuilding the section of 46 kV line from Urquhart to the Aiken PSA tap point. TBD if the scope of this
project includes rebuilding the actual tap Aiken PSA. 4.5 miles.
Project Need
System hardening
Project Status
Planned
Planned In-Service Date
12/31/2027
Estimated Project Cost
Previous 2026 2027 2028 2029 2030 Total
$0 $0 $100,000 $2,900,000 $0 $0 $3,000,000",12/31/2027,2027,Rebuilding the section of 46 kV line from Urquhart to the Aiken PSA tap point. TBD if the scope of this project includes rebuilding the actual tap Aiken PSA. 4.5 miles.,System hardening,"[""46 kV""]",[46.0],line_rebuild,HIGH,project_type_rules_v1,[],[],"[""4.5 miles""]",[4.5],25,25,26,26,https://www.scrtp.com/assets/pdfs/home/2026-2030-2million-and-above-project-descriptions.pdf,DESC 2026-2030 $2 Million and Above Project Descriptions,e98bfeb86f2263f790f95f3510a9ab1e1b128c47e4ae633b8ccd27bedfea9b26,PyMuPDF,1.28.2,scrtp_desc_current_v1,0.1.0,HIGH,HIGH,valid,[],[],"{""balancing_authority_normalized"":{""notes"":null,""origin"":""deterministic_rule"",""rule_id"":""scrtp_desc_utility_v1"",""source_fields"":[""source""]},""in_service_year"":{""notes"":null,""origin"":""derived_from_source"",""rule_id"":""scrtp_desc_date_year_v1"",""source_fields"":[""planned_in_service_date_raw""]},""length_miles"":{""notes"":""Values are preserved independently and are not summed."",""origin"":""derived_from_source"",""rule_id"":""length_miles_v1"",""source_fields"":[""description_raw""]},""project_name_normalized"":{""notes"":null,""origin"":""normalized"",""rule_id"":""project_name_v1"",""source_fields"":[""project_name_raw""]},""project_type"":{""notes"":null,""origin"":""deterministic_rule"",""rule_id"":""project_type_rules_v1"",""source_fields"":[""project_name_raw"",""description_raw""]},""voltage_kv"":{""notes"":null,""origin"":""derived_from_source"",""rule_id"":""voltage_kv_v1"",""source_fields"":[""project_name_raw"",""description_raw"",""supporting_statement_raw""]}}",,,,DESC,6810 O,System hardening,Planned,12/31/2027,"Previous 2026 2027 2028 2029 2030 Total $0 $0 $100,000 $2,900,000 $0 $0 $3,000,000",3000000
scrtp-desc-2026-2f5f6153226830f2478a,scrtp,2026,scrtp-2026-desc-current-projects,DESC,DESC,,Wateree-Hopkins 230kV Line #1: Rebuild,Wateree-Hopkins 230kV Line #1: Rebuild,"Project 27 of 54
Dominion Energy South Carolina
Planned Transmission Projects $2M and above Total
5 Year Budget
Wateree-Hopkins 230kV Line #1: Rebuild
Project ID
6808 P
Project Description
Rebuilding the Wateree - Hopkins 230 kV Line #1. Line will be rebuilt SPSC with 1272 ACSR.
Project Need
This project is required to address end of life and reliability issues on these lines.
Project Status
Planned
Planned In-Service Date
12/31/2027
Estimated Project Cost
Previous 2026 2027 2028 2029 2030 Total
$800,000 $100,000 $21,500,000 $0 $0 $0 $22,400,000",12/31/2027,2027,Rebuilding the Wateree - Hopkins 230 kV Line #1. Line will be rebuilt SPSC with 1272 ACSR.,This project is required to address end of life and reliability issues on these lines.,"[""230kV"",""230 kV""]",[230.0],line_rebuild,HIGH,project_type_rules_v1,[],[],[],[],26,26,27,27,https://www.scrtp.com/assets/pdfs/home/2026-2030-2million-and-above-project-descriptions.pdf,DESC 2026-2030 $2 Million and Above Project Descriptions,e98bfeb86f2263f790f95f3510a9ab1e1b128c47e4ae633b8ccd27bedfea9b26,PyMuPDF,1.28.2,scrtp_desc_current_v1,0.1.0,HIGH,HIGH,valid,[],[],"{""balancing_authority_normalized"":{""notes"":null,""origin"":""deterministic_rule"",""rule_id"":""scrtp_desc_utility_v1"",""source_fields"":[""source""]},""in_service_year"":{""notes"":null,""origin"":""derived_from_source"",""rule_id"":""scrtp_desc_date_year_v1"",""source_fields"":[""planned_in_service_date_raw""]},""project_name_normalized"":{""notes"":null,""origin"":""normalized"",""rule_id"":""project_name_v1"",""source_fields"":[""project_name_raw""]},""project_type"":{""notes"":null,""origin"":""deterministic_rule"",""rule_id"":""project_type_rules_v1"",""source_fields"":[""project_name_raw"",""description_raw""]},""voltage_kv"":{""notes"":null,""origin"":""derived_from_source"",""rule_id"":""voltage_kv_v1"",""source_fields"":[""project_name_raw"",""description_raw"",""supporting_statement_raw""]}}",,,,DESC,6808 P,This project is required to address end of life and reliability issues on these lines.,Planned,12/31/2027,"Previous 2026 2027 2028 2029 2030 Total $800,000 $100,000 $21,500,000 $0 $0 $0 $22,400,000",22400000
scrtp-desc-2026-eb202ce3590c13fc88e7,scrtp,2026,scrtp-2026-desc-current-projects,DESC,DESC,,Adams Run – Red House Road 46 kV: Replace Dawhoo River Crossing and other Structures,Adams Run - Red House Road 46 kV: Replace Dawhoo River Crossing and other Structures,"Project 28 of 54
Dominion Energy South Carolina
Planned Transmission Projects $2M and above Total
5 Year Budget
Adams Run – Red House Road 46 kV: Replace Dawhoo River Crossing
and other Structures
Project ID
6809 I2
Project Description
Set the 2 River Crossing structures on the Dawhoo River and replace the other structures in the marsh
with Distribution Underbuild. In addition, replace other structures identified on the 46kV line.
Str 2,6,9,12,18,25,38-40,47,48,81-83,95-110 (Dawhoo Marsh),125,130-134,167,168,184,203,206,218-
220,228,230,238,260-262,265,271-273,277,278,299,302. (58 Structures)
Project Need
System hardening.
Project Status
Planned
Planned In-Service Date
12/31/2027
Estimated Project Cost
Previous 2026 2027 2028 2029 2030 Total
$277,791 $325,000 $10,397,209 $0 $0 $0 $11,000,000",12/31/2027,2027,"Set the 2 River Crossing structures on the Dawhoo River and replace the other structures in the marsh with Distribution Underbuild. In addition, replace other structures identified on the 46kV line. Str 2,6,9,12,18,25,38-40,47,48,81-83,95-110 (Dawhoo Marsh),125,130-134,167,168,184,203,206,218- 220,228,230,238,260-262,265,271-273,277,278,299,302. (58 Structures)",System hardening.,"[""46 kV"",""46kV""]",[46.0],equipment_replacement,HIGH,project_type_rules_v1,[],[],[],[],27,27,28,28,https://www.scrtp.com/assets/pdfs/home/2026-2030-2million-and-above-project-descriptions.pdf,DESC 2026-2030 $2 Million and Above Project Descriptions,e98bfeb86f2263f790f95f3510a9ab1e1b128c47e4ae633b8ccd27bedfea9b26,PyMuPDF,1.28.2,scrtp_desc_current_v1,0.1.0,HIGH,HIGH,valid,[],[],"{""balancing_authority_normalized"":{""notes"":null,""origin"":""deterministic_rule"",""rule_id"":""scrtp_desc_utility_v1"",""source_fields"":[""source""]},""in_service_year"":{""notes"":null,""origin"":""derived_from_source"",""rule_id"":""scrtp_desc_date_year_v1"",""source_fields"":[""planned_in_service_date_raw""]},""project_name_normalized"":{""notes"":null,""origin"":""normalized"",""rule_id"":""project_name_v1"",""source_fields"":[""project_name_raw""]},""project_type"":{""notes"":null,""origin"":""deterministic_rule"",""rule_id"":""project_type_rules_v1"",""source_fields"":[""project_name_raw"",""description_raw""]},""voltage_kv"":{""notes"":null,""origin"":""derived_from_source"",""rule_id"":""voltage_kv_v1"",""source_fields"":[""project_name_raw"",""description_raw"",""supporting_statement_raw""]}}",,,,DESC,6809 I2,System hardening.,Planned,12/31/2027,"Previous 2026 2027 2028 2029 2030 Total $277,791 $325,000 $10,397,209 $0 $0 $0 $11,000,000",11000000
scrtp-desc-2026-eb85d7f45be01076a63b,scrtp,2026,scrtp-2026-desc-current-projects,DESC,DESC,,Lyles – Kilbourne Park 115kV: Replace Structure 67 – Kilbourne Park,Lyles - Kilbourne Park 115kV: Replace Structure 67 - Kilbourne Park,"Project 29 of 54
Dominion Energy South Carolina
Planned Transmission Projects $2M and above Total
5 Year Budget
Lyles – Kilbourne Park 115kV: Replace Structure 67 – Kilbourne Park
Project ID
6809 S
Project Description
Rebuild the section of 115kV line between Kilbourne Park and str# 67 on the Lyles - Kilbourne Park
115kV Line. Pull 1272 ACSR from Richland Mall GOAB to Kilbourne Park Sub. Most of this section of line
is back lot construction (difficult access) along with distribution underbuilt throughout.
2.85 Miles
Project Need
System hardening.
Project Status
Planned
Planned In-Service Date
12/01/2027
Estimated Project Cost
Previous 2026 2027 2028 2029 2030 Total
$150,000 $100,000 $4,520,000 $0 $0 $0 $4,770,000",12/01/2027,2027,Rebuild the section of 115kV line between Kilbourne Park and str# 67 on the Lyles - Kilbourne Park 115kV Line. Pull 1272 ACSR from Richland Mall GOAB to Kilbourne Park Sub. Most of this section of line is back lot construction (difficult access) along with distribution underbuilt throughout. 2.85 Miles,System hardening.,"[""115kV""]",[115.0],line_rebuild,HIGH,project_type_rules_v1,[],[],"[""2.85 Miles""]",[2.85],28,28,29,29,https://www.scrtp.com/assets/pdfs/home/2026-2030-2million-and-above-project-descriptions.pdf,DESC 2026-2030 $2 Million and Above Project Descriptions,e98bfeb86f2263f790f95f3510a9ab1e1b128c47e4ae633b8ccd27bedfea9b26,PyMuPDF,1.28.2,scrtp_desc_current_v1,0.1.0,HIGH,HIGH,valid,[],[],"{""balancing_authority_normalized"":{""notes"":null,""origin"":""deterministic_rule"",""rule_id"":""scrtp_desc_utility_v1"",""source_fields"":[""source""]},""in_service_year"":{""notes"":null,""origin"":""derived_from_source"",""rule_id"":""scrtp_desc_date_year_v1"",""source_fields"":[""planned_in_service_date_raw""]},""length_miles"":{""notes"":""Values are preserved independently and are not summed."",""origin"":""derived_from_source"",""rule_id"":""length_miles_v1"",""source_fields"":[""description_raw""]},""project_name_normalized"":{""notes"":null,""origin"":""normalized"",""rule_id"":""project_name_v1"",""source_fields"":[""project_name_raw""]},""project_type"":{""notes"":null,""origin"":""deterministic_rule"",""rule_id"":""project_type_rules_v1"",""source_fields"":[""project_name_raw"",""description_raw""]},""voltage_kv"":{""notes"":null,""origin"":""derived_from_source"",""rule_id"":""voltage_kv_v1"",""source_fields"":[""project_name_raw"",""description_raw"",""supporting_statement_raw""]}}",,,,DESC,6809 S,System hardening.,Planned,12/01/2027,"Previous 2026 2027 2028 2029 2030 Total $150,000 $100,000 $4,520,000 $0 $0 $0 $4,770,000",4770000
scrtp-desc-2026-280ebdf1b72250caeba3,scrtp,2026,scrtp-2026-desc-current-projects,DESC,DESC,,Winnsboro West 230-115 kV Sub and Fold-in: Construct,Winnsboro West 230-115 kV Sub and Fold-in: Construct,"Project 30 of 54
Dominion Energy South Carolina
Planned Transmission Projects $2M and above Total
5 Year Budget
Winnsboro West 230-115 kV Sub and Fold-in: Construct
Project ID
6873
Project Description
Construct new 230-115 kV substation and fold in the Parr – Winnsboro 115 kV #1 and VCS1 – Killian 230
kV lines into the new substation.
Project Need
This project is needed to uprate the Parr Gas Turbines GT1 and GT2 in accordance with the DESC
Transitional Cluster System Impact Study.
Project Status
In Progress
Planned In-Service Date
1/31/2028
Estimated Project Cost
Estimated cost of $23,272,000 is to be financed by the interconnection customer. DESC will reimburse
the full cost of the assigned upgrade to the interconnection customer after commercial operation of the
uprated Parr Gas Turbines GT1 and GT2.",1/31/2028,2028,Construct new 230-115 kV substation and fold in the Parr – Winnsboro 115 kV #1 and VCS1 – Killian 230 kV lines into the new substation.,This project is needed to uprate the Parr Gas Turbines GT1 and GT2 in accordance with the DESC Transitional Cluster System Impact Study.,"[""115 kV"",""230 kV""]","[115.0,230.0]",new_construction,HIGH,project_type_rules_v1,[],[],[],[],29,29,30,30,https://www.scrtp.com/assets/pdfs/home/2026-2030-2million-and-above-project-descriptions.pdf,DESC 2026-2030 $2 Million and Above Project Descriptions,e98bfeb86f2263f790f95f3510a9ab1e1b128c47e4ae633b8ccd27bedfea9b26,PyMuPDF,1.28.2,scrtp_desc_current_v1,0.1.0,HIGH,HIGH,valid,[],[],"{""balancing_authority_normalized"":{""notes"":null,""origin"":""deterministic_rule"",""rule_id"":""scrtp_desc_utility_v1"",""source_fields"":[""source""]},""in_service_year"":{""notes"":null,""origin"":""derived_from_source"",""rule_id"":""scrtp_desc_date_year_v1"",""source_fields"":[""planned_in_service_date_raw""]},""project_name_normalized"":{""notes"":null,""origin"":""normalized"",""rule_id"":""project_name_v1"",""source_fields"":[""project_name_raw""]},""project_type"":{""notes"":null,""origin"":""deterministic_rule"",""rule_id"":""project_type_rules_v1"",""source_fields"":[""project_name_raw"",""description_raw""]},""voltage_kv"":{""notes"":null,""origin"":""derived_from_source"",""rule_id"":""voltage_kv_v1"",""source_fields"":[""project_name_raw"",""description_raw"",""supporting_statement_raw""]}}",,,,DESC,6873,This project is needed to uprate the Parr Gas Turbines GT1 and GT2 in accordance with the DESC Transitional Cluster System Impact Study.,In Progress,1/31/2028,"Estimated cost of $23,272,000 is to be financed by the interconnection customer. DESC will reimburse the full cost of the assigned upgrade to the interconnection customer after commercial operation of the uprated Parr Gas Turbines GT1 and GT2.",23272000
scrtp-desc-2026-21cc4cdc9245c53a9d6d,scrtp,2026,scrtp-2026-desc-current-projects,DESC,DESC,,Williams-Summerville 230kV: Upgrade to SPDC B1272 ACSR,Williams-Summerville 230kV: Upgrade to SPDC B1272 ACSR,"Project 31 of 54
Dominion Energy South Carolina
Planned Transmission Projects $2M and above Total
5 Year Budget
Williams-Summerville 230kV: Upgrade to SPDC B1272 ACSR
Project ID
6388 A
Project Description
Rebuild the section of the Williams - Summerville 230 kV line from Ladson Jct to Williams. Line to
upgraded to B-1272 and designed for a future second circuit. Approximately 10 miles.
Project Need
This project is needed to improve system performance and to meet NERC TPL and internal DESC
Planning Criteria for reliability.
Project Status
Planned
Planned In-Service Date
05/01/2028
Estimated Project Cost
Previous 2026 2027 2028 2029 2030 Total
$10,000 $175,000 $22,734,648 $8,000,000 $0 $0 $31,100,000",05/01/2028,2028,Rebuild the section of the Williams - Summerville 230 kV line from Ladson Jct to Williams. Line to upgraded to B-1272 and designed for a future second circuit. Approximately 10 miles.,This project is needed to improve system performance and to meet NERC TPL and internal DESC Planning Criteria for reliability.,"[""230kV"",""230 kV""]",[230.0],line_rebuild,HIGH,project_type_rules_v1,[],[],"[""10 miles""]",[10.0],30,30,31,31,https://www.scrtp.com/assets/pdfs/home/2026-2030-2million-and-above-project-descriptions.pdf,DESC 2026-2030 $2 Million and Above Project Descriptions,e98bfeb86f2263f790f95f3510a9ab1e1b128c47e4ae633b8ccd27bedfea9b26,PyMuPDF,1.28.2,scrtp_desc_current_v1,0.1.0,HIGH,HIGH,valid,[],[],"{""balancing_authority_normalized"":{""notes"":null,""origin"":""deterministic_rule"",""rule_id"":""scrtp_desc_utility_v1"",""source_fields"":[""source""]},""in_service_year"":{""notes"":null,""origin"":""derived_from_source"",""rule_id"":""scrtp_desc_date_year_v1"",""source_fields"":[""planned_in_service_date_raw""]},""length_miles"":{""notes"":""Values are preserved independently and are not summed."",""origin"":""derived_from_source"",""rule_id"":""length_miles_v1"",""source_fields"":[""description_raw""]},""project_name_normalized"":{""notes"":null,""origin"":""normalized"",""rule_id"":""project_name_v1"",""source_fields"":[""project_name_raw""]},""project_type"":{""notes"":null,""origin"":""deterministic_rule"",""rule_id"":""project_type_rules_v1"",""source_fields"":[""project_name_raw"",""description_raw""]},""voltage_kv"":{""notes"":null,""origin"":""derived_from_source"",""rule_id"":""voltage_kv_v1"",""source_fields"":[""project_name_raw"",""description_raw"",""supporting_statement_raw""]}}",,,,DESC,6388 A,This project is needed to improve system performance and to meet NERC TPL and internal DESC Planning Criteria for reliability.,Planned,05/01/2028,"Previous 2026 2027 2028 2029 2030 Total $10,000 $175,000 $22,734,648 $8,000,000 $0 $0 $31,100,000",31100000
scrtp-desc-2026-682690d31529ada3413c,scrtp,2026,scrtp-2026-desc-current-projects,DESC,DESC,,Church Creek - Ritter 230kV - Replace 38 Large Angles and Dead Ends,Church Creek - Ritter 230kV - Replace 38 Large Angles and Dead Ends,"Project 32 of 54
Dominion Energy South Carolina
Planned Transmission Projects $2M and above Total
5 Year Budget
Church Creek - Ritter 230kV - Replace 38 Large Angles and Dead Ends
Project ID
06372 A
Project Description
Replacing approximately 38 guyed wooden structures due to recent failures in the fiberglass strain
insulators along this line. Structures to be changed out are dead ends/large angles. We will also be
adding a few in-line dead ends where there are tangents runs of greater than 15,000'. Replacement
structures will be designed for B-1272 ACSR and be offset such that a future circuit could be added along
this alignment.
Estimated STRs to Replace:
38 structures total. 28 concrete foundations and 10 vibratory caisson foundations.
Project Need
System Hardening
Project Status
In Progress
Planned In-Service Date
12/31/2028
Estimated Project Cost
Previous 2026 2027 2028 2029 2030 Total
$4,412,330 $12,000 $0 $7,000,000 $0 $0 $11,424,330",12/31/2028,2028,"Replacing approximately 38 guyed wooden structures due to recent failures in the fiberglass strain insulators along this line. Structures to be changed out are dead ends/large angles. We will also be adding a few in-line dead ends where there are tangents runs of greater than 15,000'. Replacement structures will be designed for B-1272 ACSR and be offset such that a future circuit could be added along this alignment. Estimated STRs to Replace: 38 structures total. 28 concrete foundations and 10 vibratory caisson foundations.",System Hardening,"[""230kV""]",[230.0],equipment_replacement,HIGH,project_type_rules_v1,"[""Church Creek"",""Ritter""]","[""Church Creek"",""Ritter""]",[],[],31,31,32,32,https://www.scrtp.com/assets/pdfs/home/2026-2030-2million-and-above-project-descriptions.pdf,DESC 2026-2030 $2 Million and Above Project Descriptions,e98bfeb86f2263f790f95f3510a9ab1e1b128c47e4ae633b8ccd27bedfea9b26,PyMuPDF,1.28.2,scrtp_desc_current_v1,0.1.0,HIGH,HIGH,valid,[],[],"{""balancing_authority_normalized"":{""notes"":null,""origin"":""deterministic_rule"",""rule_id"":""scrtp_desc_utility_v1"",""source_fields"":[""source""]},""endpoint_candidates"":{""notes"":""Text candidates only; no geocoding or entity resolution applied."",""origin"":""derived_from_source"",""rule_id"":""location_candidates_v1"",""source_fields"":[""project_name_raw""]},""in_service_year"":{""notes"":null,""origin"":""derived_from_source"",""rule_id"":""scrtp_desc_date_year_v1"",""source_fields"":[""planned_in_service_date_raw""]},""location_mentions"":{""notes"":""Text candidates only; no geocoding or entity resolution applied."",""origin"":""derived_from_source"",""rule_id"":""location_candidates_v1"",""source_fields"":[""project_name_raw""]},""project_name_normalized"":{""notes"":null,""origin"":""normalized"",""rule_id"":""project_name_v1"",""source_fields"":[""project_name_raw""]},""project_type"":{""notes"":null,""origin"":""deterministic_rule"",""rule_id"":""project_type_rules_v1"",""source_fields"":[""project_name_raw"",""description_raw""]},""voltage_kv"":{""notes"":null,""origin"":""derived_from_source"",""rule_id"":""voltage_kv_v1"",""source_fields"":[""project_name_raw"",""description_raw"",""supporting_statement_raw""]}}",,,,DESC,06372 A,System Hardening,In Progress,12/31/2028,"Previous 2026 2027 2028 2029 2030 Total $4,412,330 $12,000 $0 $7,000,000 $0 $0 $11,424,330",11424330
scrtp-desc-2026-227b596e791634c1e100,scrtp,2026,scrtp-2026-desc-current-projects,DESC,DESC,,Jackson 115kV: Construct 115 – 12kV Distribution Substation,Jackson 115kV: Construct 115 - 12kV Distribution Substation,"Project 33 of 54
Dominion Energy South Carolina
Planned Transmission Projects $2M and above Total
5 Year Budget
Jackson 115kV: Construct 115 – 12kV Distribution Substation
Project ID
6854 C
Project Description
Construct 115 – 12kV distribution substation to replace Jackson 46kV Substation.
Jackson 46kV has reverse power modifications for Aiken Schools #3936. Verify that Jackson 115-12kV
will inherit this reverse power requirement.
Project Need
Growth Load Substation Design
Project Status
Planned
Planned In-Service Date
12/31/2028
Estimated Project Cost
Previous 2026 2027 2028 2029 2030 Total
$3,760 $0 $3,000,000 $0 $0 $0 $3,003,760",12/31/2028,2028,Construct 115 – 12kV distribution substation to replace Jackson 46kV Substation. Jackson 46kV has reverse power modifications for Aiken Schools #3936. Verify that Jackson 115-12kV will inherit this reverse power requirement.,Growth Load Substation Design,"[""115kV"",""12kV"",""46kV""]","[115.0,12.0,46.0]",equipment_replacement,HIGH,project_type_rules_v1,[],[],[],[],32,32,33,33,https://www.scrtp.com/assets/pdfs/home/2026-2030-2million-and-above-project-descriptions.pdf,DESC 2026-2030 $2 Million and Above Project Descriptions,e98bfeb86f2263f790f95f3510a9ab1e1b128c47e4ae633b8ccd27bedfea9b26,PyMuPDF,1.28.2,scrtp_desc_current_v1,0.1.0,HIGH,HIGH,valid,[],[],"{""balancing_authority_normalized"":{""notes"":null,""origin"":""deterministic_rule"",""rule_id"":""scrtp_desc_utility_v1"",""source_fields"":[""source""]},""in_service_year"":{""notes"":null,""origin"":""derived_from_source"",""rule_id"":""scrtp_desc_date_year_v1"",""source_fields"":[""planned_in_service_date_raw""]},""project_name_normalized"":{""notes"":null,""origin"":""normalized"",""rule_id"":""project_name_v1"",""source_fields"":[""project_name_raw""]},""project_type"":{""notes"":null,""origin"":""deterministic_rule"",""rule_id"":""project_type_rules_v1"",""source_fields"":[""project_name_raw"",""description_raw""]},""voltage_kv"":{""notes"":null,""origin"":""derived_from_source"",""rule_id"":""voltage_kv_v1"",""source_fields"":[""project_name_raw"",""description_raw"",""supporting_statement_raw""]}}",,,,DESC,6854 C,Growth Load Substation Design,Planned,12/31/2028,"Previous 2026 2027 2028 2029 2030 Total $3,760 $0 $3,000,000 $0 $0 $0 $3,003,760",3003760
scrtp-desc-2026-644509a9674dde09dab2,scrtp,2026,scrtp-2026-desc-current-projects,DESC,DESC,,Harleyville 115KV Transmission Tap – Construct (1.4 miles),Harleyville 115KV Transmission Tap - Construct (1.4 miles),"Project 34 of 54
Dominion Energy South Carolina
Planned Transmission Projects $2M and above Total
5 Year Budget
Harleyville 115KV Transmission Tap – Construct (1.4 miles)
Project ID
06005 B
Project Description
Extend the 115 kV line from the Blue Circle tap to the Harleyville substation to provide 115 kV service.
Project Need
Load growth.
Project Status
Planned
Planned In-Service Date
12/31/2028
Estimated Project Cost
Previous 2026 2027 2028 2029 2030 Total
$0 $250,000 $1,500,000 $1,000,000 $0 $0 $2,750,000",12/31/2028,2028,Extend the 115 kV line from the Blue Circle tap to the Harleyville substation to provide 115 kV service.,Load growth.,"[""115KV"",""115 kV""]",[115.0],new_construction,HIGH,project_type_rules_v1,[],[],[],[],33,33,34,34,https://www.scrtp.com/assets/pdfs/home/2026-2030-2million-and-above-project-descriptions.pdf,DESC 2026-2030 $2 Million and Above Project Descriptions,e98bfeb86f2263f790f95f3510a9ab1e1b128c47e4ae633b8ccd27bedfea9b26,PyMuPDF,1.28.2,scrtp_desc_current_v1,0.1.0,HIGH,HIGH,valid,[],[],"{""balancing_authority_normalized"":{""notes"":null,""origin"":""deterministic_rule"",""rule_id"":""scrtp_desc_utility_v1"",""source_fields"":[""source""]},""in_service_year"":{""notes"":null,""origin"":""derived_from_source"",""rule_id"":""scrtp_desc_date_year_v1"",""source_fields"":[""planned_in_service_date_raw""]},""project_name_normalized"":{""notes"":null,""origin"":""normalized"",""rule_id"":""project_name_v1"",""source_fields"":[""project_name_raw""]},""project_type"":{""notes"":null,""origin"":""deterministic_rule"",""rule_id"":""project_type_rules_v1"",""source_fields"":[""project_name_raw"",""description_raw""]},""voltage_kv"":{""notes"":null,""origin"":""derived_from_source"",""rule_id"":""voltage_kv_v1"",""source_fields"":[""project_name_raw"",""description_raw"",""supporting_statement_raw""]}}",,,,DESC,06005 B,Load growth.,Planned,12/31/2028,"Previous 2026 2027 2028 2029 2030 Total $0 $250,000 $1,500,000 $1,000,000 $0 $0 $2,750,000",2750000
scrtp-desc-2026-5fc8cc411f3fac441bb2,scrtp,2026,scrtp-2026-desc-current-projects,DESC,DESC,,Orangeburg #1 - Cameron Jct 46kV Line Rebuild,Orangeburg #1 - Cameron Jct 46kV Line Rebuild,"Project 35 of 54
Dominion Energy South Carolina
Planned Transmission Projects $2M and above Total
5 Year Budget
Orangeburg #1 - Cameron Jct 46kV Line Rebuild
Project ID
6809 F
Project Description
Rebuilding the 7.5 mile Orangeburg #1 – Cameron Jct. 46 kV Line. The line will be rebuilt on existing R/W
using steel poles, 115 kV insulation, and 1272 ACSR Conductor
Project Need
This project is required to address end of life and reliability issues on these lines.
Project Status
Planned
Planned In-Service Date
12/31/2028
Estimated Project Cost
Previous 2026 2027 2028 2029 2030 Total
$25,000 $0 $125,000 $7,550,000 $0 $0 $7,912,400",12/31/2028,2028,"Rebuilding the 7.5 mile Orangeburg #1 – Cameron Jct. 46 kV Line. The line will be rebuilt on existing R/W using steel poles, 115 kV insulation, and 1272 ACSR Conductor",This project is required to address end of life and reliability issues on these lines.,"[""46kV"",""46 kV"",""115 kV""]","[46.0,115.0]",line_rebuild,HIGH,project_type_rules_v1,"[""Orangeburg #1"",""Cameron Jct""]","[""Orangeburg #1"",""Cameron Jct""]","[""7.5 mile""]",[7.5],34,34,35,35,https://www.scrtp.com/assets/pdfs/home/2026-2030-2million-and-above-project-descriptions.pdf,DESC 2026-2030 $2 Million and Above Project Descriptions,e98bfeb86f2263f790f95f3510a9ab1e1b128c47e4ae633b8ccd27bedfea9b26,PyMuPDF,1.28.2,scrtp_desc_current_v1,0.1.0,HIGH,HIGH,valid,[],[],"{""balancing_authority_normalized"":{""notes"":null,""origin"":""deterministic_rule"",""rule_id"":""scrtp_desc_utility_v1"",""source_fields"":[""source""]},""endpoint_candidates"":{""notes"":""Text candidates only; no geocoding or entity resolution applied."",""origin"":""derived_from_source"",""rule_id"":""location_candidates_v1"",""source_fields"":[""project_name_raw""]},""in_service_year"":{""notes"":null,""origin"":""derived_from_source"",""rule_id"":""scrtp_desc_date_year_v1"",""source_fields"":[""planned_in_service_date_raw""]},""length_miles"":{""notes"":""Values are preserved independently and are not summed."",""origin"":""derived_from_source"",""rule_id"":""length_miles_v1"",""source_fields"":[""description_raw""]},""location_mentions"":{""notes"":""Text candidates only; no geocoding or entity resolution applied."",""origin"":""derived_from_source"",""rule_id"":""location_candidates_v1"",""source_fields"":[""project_name_raw""]},""project_name_normalized"":{""notes"":null,""origin"":""normalized"",""rule_id"":""project_name_v1"",""source_fields"":[""project_name_raw""]},""project_type"":{""notes"":null,""origin"":""deterministic_rule"",""rule_id"":""project_type_rules_v1"",""source_fields"":[""project_name_raw"",""description_raw""]},""voltage_kv"":{""notes"":null,""origin"":""derived_from_source"",""rule_id"":""voltage_kv_v1"",""source_fields"":[""project_name_raw"",""description_raw"",""supporting_statement_raw""]}}",,,,DESC,6809 F,This project is required to address end of life and reliability issues on these lines.,Planned,12/31/2028,"Previous 2026 2027 2028 2029 2030 Total $25,000 $0 $125,000 $7,550,000 $0 $0 $7,912,400",7912400
scrtp-desc-2026-338bea3571ea03ed111f,scrtp,2026,scrtp-2026-desc-current-projects,DESC,DESC,,VCS1-Denny Terrace 230kV & VCS1-Pineland 230kV: Rebuild Single Circuit Sections,VCS1-Denny Terrace 230kV & VCS1-Pineland 230kV: Rebuild Single Circuit Sections,"Project 36 of 54
Dominion Energy South Carolina
Planned Transmission Projects $2M and above Total
5 Year Budget
VCS1-Denny Terrace 230kV & VCS1-Pineland 230kV: Rebuild Single
Circuit Sections
Project ID
6808 N,O
Project Description
Replace wooden H-Frame structures with Self Supporting Steel Structures and restring with standard
1272 ACSR conductor.
Project Need
This project is required to address end of life and reliability issues on these lines.
Project Status
In Progress
Planned In-Service Date
12/31/28
Estimated Project Cost
Previous 2026 2027 2028 2029 2030 Total
$463,118 $0 $100,000 $12,722,000 $0 $0 $13,285,118",12/31/28,2028,Replace wooden H-Frame structures with Self Supporting Steel Structures and restring with standard 1272 ACSR conductor.,This project is required to address end of life and reliability issues on these lines.,"[""230kV""]",[230.0],line_rebuild,HIGH,project_type_rules_v1,[],[],[],[],35,35,36,36,https://www.scrtp.com/assets/pdfs/home/2026-2030-2million-and-above-project-descriptions.pdf,DESC 2026-2030 $2 Million and Above Project Descriptions,e98bfeb86f2263f790f95f3510a9ab1e1b128c47e4ae633b8ccd27bedfea9b26,PyMuPDF,1.28.2,scrtp_desc_current_v1,0.1.0,HIGH,HIGH,valid,[],[],"{""balancing_authority_normalized"":{""notes"":null,""origin"":""deterministic_rule"",""rule_id"":""scrtp_desc_utility_v1"",""source_fields"":[""source""]},""in_service_year"":{""notes"":null,""origin"":""derived_from_source"",""rule_id"":""scrtp_desc_date_year_v1"",""source_fields"":[""planned_in_service_date_raw""]},""project_name_normalized"":{""notes"":null,""origin"":""normalized"",""rule_id"":""project_name_v1"",""source_fields"":[""project_name_raw""]},""project_type"":{""notes"":null,""origin"":""deterministic_rule"",""rule_id"":""project_type_rules_v1"",""source_fields"":[""project_name_raw"",""description_raw""]},""voltage_kv"":{""notes"":null,""origin"":""derived_from_source"",""rule_id"":""voltage_kv_v1"",""source_fields"":[""project_name_raw"",""description_raw"",""supporting_statement_raw""]}}",,,,DESC,"6808 N,O",This project is required to address end of life and reliability issues on these lines.,In Progress,12/31/28,"Previous 2026 2027 2028 2029 2030 Total $463,118 $0 $100,000 $12,722,000 $0 $0 $13,285,118",13285118
scrtp-desc-2026-55ca5129e792a0ffac5a,scrtp,2026,scrtp-2026-desc-current-projects,DESC,DESC,,Coast Guard 115kV Substation and Tap: Construct,Coast Guard 115kV Substation and Tap: Construct,"Project 37 of 54
Dominion Energy South Carolina
Planned Transmission Projects $2M and above Total
5 Year Budget
Coast Guard 115kV Substation and Tap: Construct
Project ID
6842 C,D
Project Description
Construct a 115-23.9kV substation at the Coast Guard substation site with 37.3MVA transformer and 4
feeder bays. There is room in the substation for a future transformer. Construct a 115kV transmission
line between Clemson Wind Turbine & Coast Guard Sub. The Coast Guard Substation will be served
radially from this new line.
Project Need
Growth Load Transmission Line Design
Project Status
Planned
Planned In-Service Date
12/31/27
Estimated Project Cost
Previous 2026 2027 2028 2029 2030 Total
$0 $30,000 $4,680,000 $850,000 $0 $0 $5,560,000",12/31/27,2027,Construct a 115-23.9kV substation at the Coast Guard substation site with 37.3MVA transformer and 4 feeder bays. There is room in the substation for a future transformer. Construct a 115kV transmission line between Clemson Wind Turbine & Coast Guard Sub. The Coast Guard Substation will be served radially from this new line.,Growth Load Transmission Line Design,"[""115kV"",""23.9kV""]","[115.0,23.9]",new_construction,HIGH,project_type_rules_v1,[],[],[],[],36,36,37,37,https://www.scrtp.com/assets/pdfs/home/2026-2030-2million-and-above-project-descriptions.pdf,DESC 2026-2030 $2 Million and Above Project Descriptions,e98bfeb86f2263f790f95f3510a9ab1e1b128c47e4ae633b8ccd27bedfea9b26,PyMuPDF,1.28.2,scrtp_desc_current_v1,0.1.0,HIGH,HIGH,valid,[],[],"{""balancing_authority_normalized"":{""notes"":null,""origin"":""deterministic_rule"",""rule_id"":""scrtp_desc_utility_v1"",""source_fields"":[""source""]},""in_service_year"":{""notes"":null,""origin"":""derived_from_source"",""rule_id"":""scrtp_desc_date_year_v1"",""source_fields"":[""planned_in_service_date_raw""]},""project_name_normalized"":{""notes"":null,""origin"":""normalized"",""rule_id"":""project_name_v1"",""source_fields"":[""project_name_raw""]},""project_type"":{""notes"":null,""origin"":""deterministic_rule"",""rule_id"":""project_type_rules_v1"",""source_fields"":[""project_name_raw"",""description_raw""]},""voltage_kv"":{""notes"":null,""origin"":""derived_from_source"",""rule_id"":""voltage_kv_v1"",""source_fields"":[""project_name_raw"",""description_raw"",""supporting_statement_raw""]}}",,,,DESC,"6842 C,D",Growth Load Transmission Line Design,Planned,12/31/27,"Previous 2026 2027 2028 2029 2030 Total $0 $30,000 $4,680,000 $850,000 $0 $0 $5,560,000",5560000
scrtp-desc-2026-84d5c4bca259c7c3525e,scrtp,2026,scrtp-2026-desc-current-projects,DESC,DESC,,Millrace 115 kV Tap: Construct,Millrace 115 kV Tap: Construct,"Project 38 of 54
Dominion Energy South Carolina
Planned Transmission Projects $2M and above Total
5 Year Budget
Millrace 115 kV Tap: Construct
Project ID
6864 D, E
Project Description
Construct Millrace 115kV tap from the existing Dunbar Road – Lyles 115kV line. Due to added load
on the Dunbar Road – Lyles 115kV line, rebuild with 1272 ACSR.
Project Need
Load Growth.
Project Status
Planned
Planned In-Service Date
12/31/2028
Estimated Project Cost
Previous 2026 2027 2028 2029 2030 Total
$75,000 $0 $50,000 $3,075,000 $0 $0 $3,200,000",12/31/2028,2028,"Construct Millrace 115kV tap from the existing Dunbar Road – Lyles 115kV line. Due to added load on the Dunbar Road – Lyles 115kV line, rebuild with 1272 ACSR.",Load Growth.,"[""115 kV"",""115kV""]",[115.0],line_rebuild,HIGH,project_type_rules_v1,[],[],[],[],37,37,38,38,https://www.scrtp.com/assets/pdfs/home/2026-2030-2million-and-above-project-descriptions.pdf,DESC 2026-2030 $2 Million and Above Project Descriptions,e98bfeb86f2263f790f95f3510a9ab1e1b128c47e4ae633b8ccd27bedfea9b26,PyMuPDF,1.28.2,scrtp_desc_current_v1,0.1.0,HIGH,HIGH,valid,[],[],"{""balancing_authority_normalized"":{""notes"":null,""origin"":""deterministic_rule"",""rule_id"":""scrtp_desc_utility_v1"",""source_fields"":[""source""]},""in_service_year"":{""notes"":null,""origin"":""derived_from_source"",""rule_id"":""scrtp_desc_date_year_v1"",""source_fields"":[""planned_in_service_date_raw""]},""project_name_normalized"":{""notes"":null,""origin"":""normalized"",""rule_id"":""project_name_v1"",""source_fields"":[""project_name_raw""]},""project_type"":{""notes"":null,""origin"":""deterministic_rule"",""rule_id"":""project_type_rules_v1"",""source_fields"":[""project_name_raw"",""description_raw""]},""voltage_kv"":{""notes"":null,""origin"":""derived_from_source"",""rule_id"":""voltage_kv_v1"",""source_fields"":[""project_name_raw"",""description_raw"",""supporting_statement_raw""]}}",,,,DESC,"6864 D, E",Load Growth.,Planned,12/31/2028,"Previous 2026 2027 2028 2029 2030 Total $75,000 $0 $50,000 $3,075,000 $0 $0 $3,200,000",3200000
scrtp-desc-2026-e9c1d443c0a9e36ceea8,scrtp,2026,scrtp-2026-desc-current-projects,DESC,DESC,,"Williams St Sub: Replace Sw House & Relays, AM Williams Sub: Replace Sw House, and McMeekin Sub: Add Sw House","Williams St Sub: Replace Sw House & Relays, AM Williams Sub: Replace Sw House, and McMeekin Sub: Add Sw House","Project 39 of 54
Dominion Energy South Carolina
Planned Transmission Projects $2M and above Total
5 Year Budget
Williams St Sub: Replace Sw House & Relays, AM Williams Sub: Replace
Sw House, and McMeekin Sub: Add Sw House
Project ID
1060A, I, L
Project Description
Replace switch house, switch house equipment, and relay panels at Williams Street substation. Replace
the switch house at AM Williams substation. Add Switching House at McMeekin Substation to move
relays from plant relay room.
Project Need
This project is required to address end of life and maintenance issues on these transformers.
Project Status
In Progress
Planned In-Service Date
12/31/28
Estimated Project Cost
Previous 2026 2027 2028 2029 2030 Total
$2,098,924 $650,000 $1,700,000 $4,134,000 $2,600,000 $0 $11,182,924",12/31/28,2028,"Replace switch house, switch house equipment, and relay panels at Williams Street substation. Replace the switch house at AM Williams substation. Add Switching House at McMeekin Substation to move relays from plant relay room.",This project is required to address end of life and maintenance issues on these transformers.,[],[],equipment_replacement,HIGH,project_type_rules_v1,[],[],[],[],38,38,39,39,https://www.scrtp.com/assets/pdfs/home/2026-2030-2million-and-above-project-descriptions.pdf,DESC 2026-2030 $2 Million and Above Project Descriptions,e98bfeb86f2263f790f95f3510a9ab1e1b128c47e4ae633b8ccd27bedfea9b26,PyMuPDF,1.28.2,scrtp_desc_current_v1,0.1.0,HIGH,HIGH,valid,[],[],"{""balancing_authority_normalized"":{""notes"":null,""origin"":""deterministic_rule"",""rule_id"":""scrtp_desc_utility_v1"",""source_fields"":[""source""]},""in_service_year"":{""notes"":null,""origin"":""derived_from_source"",""rule_id"":""scrtp_desc_date_year_v1"",""source_fields"":[""planned_in_service_date_raw""]},""project_name_normalized"":{""notes"":null,""origin"":""normalized"",""rule_id"":""project_name_v1"",""source_fields"":[""project_name_raw""]},""project_type"":{""notes"":null,""origin"":""deterministic_rule"",""rule_id"":""project_type_rules_v1"",""source_fields"":[""project_name_raw"",""description_raw""]}}",,,,DESC,"1060A, I, L",This project is required to address end of life and maintenance issues on these transformers.,In Progress,12/31/28,"Previous 2026 2027 2028 2029 2030 Total $2,098,924 $650,000 $1,700,000 $4,134,000 $2,600,000 $0 $11,182,924",11182924
scrtp-desc-2026-2bdbe589065850b2bf7b,scrtp,2026,scrtp-2026-desc-current-projects,DESC,DESC,,Cameron Jct – Cameron – St Matthews 46 kV Rebuild,Cameron Jct - Cameron - St Matthews 46 kV Rebuild,"Project 40 of 54
Dominion Energy South Carolina
Planned Transmission Projects $2M and above Total
5 Year Budget
Cameron Jct – Cameron – St Matthews 46 kV Rebuild
Project ID
6810 T
Project Description
Rebuilding the 46 kV line between Cameron Jct and St Matthews. 9.8 miles.
Project Need
System hardening.
Project Status
Planned
Planned In-Service Date
12/31/2028
Estimated Project Cost
Previous 2026 2027 2028 2029 2030 Total
$0 $175,000 $100,000 $11,425,000 $0 $0 $11,700,000",12/31/2028,2028,Rebuilding the 46 kV line between Cameron Jct and St Matthews. 9.8 miles.,System hardening.,"[""46 kV""]",[46.0],line_rebuild,HIGH,project_type_rules_v1,[],[],"[""9.8 miles""]",[9.8],39,39,40,40,https://www.scrtp.com/assets/pdfs/home/2026-2030-2million-and-above-project-descriptions.pdf,DESC 2026-2030 $2 Million and Above Project Descriptions,e98bfeb86f2263f790f95f3510a9ab1e1b128c47e4ae633b8ccd27bedfea9b26,PyMuPDF,1.28.2,scrtp_desc_current_v1,0.1.0,HIGH,HIGH,valid,[],[],"{""balancing_authority_normalized"":{""notes"":null,""origin"":""deterministic_rule"",""rule_id"":""scrtp_desc_utility_v1"",""source_fields"":[""source""]},""in_service_year"":{""notes"":null,""origin"":""derived_from_source"",""rule_id"":""scrtp_desc_date_year_v1"",""source_fields"":[""planned_in_service_date_raw""]},""length_miles"":{""notes"":""Values are preserved independently and are not summed."",""origin"":""derived_from_source"",""rule_id"":""length_miles_v1"",""source_fields"":[""description_raw""]},""project_name_normalized"":{""notes"":null,""origin"":""normalized"",""rule_id"":""project_name_v1"",""source_fields"":[""project_name_raw""]},""project_type"":{""notes"":null,""origin"":""deterministic_rule"",""rule_id"":""project_type_rules_v1"",""source_fields"":[""project_name_raw"",""description_raw""]},""voltage_kv"":{""notes"":null,""origin"":""derived_from_source"",""rule_id"":""voltage_kv_v1"",""source_fields"":[""project_name_raw"",""description_raw"",""supporting_statement_raw""]}}",,,,DESC,6810 T,System hardening.,Planned,12/31/2028,"Previous 2026 2027 2028 2029 2030 Total $0 $175,000 $100,000 $11,425,000 $0 $0 $11,700,000",11700000
scrtp-desc-2026-3fcc16fb58dedf958023,scrtp,2026,scrtp-2026-desc-current-projects,DESC,DESC,,Okatie – McIntosh 115kV Tie: Add Series Reactor,Okatie - McIntosh 115kV Tie: Add Series Reactor,"Project 41 of 54
Dominion Energy South Carolina
Planned Transmission Projects $2M and above Total
5 Year Budget
Okatie – McIntosh 115kV Tie: Add Series Reactor
Project ID
6888
Project Description
Construct Deerfield Switching Station and Install a 9% series reactor on the Okatie – McIntosh
115kV Tie Line.
Project Need
This project is needed to improve system performance and to meet NERC TPL and internal DESC
Planning Criteria for reliability.
Project Status
Planned
Planned In-Service Date
12/31/2028
Estimated Project Cost
Previous 2026 2027 2028 2029 2030 Total
$0 $0 $50,000 $5,326,418 $0 $0 $5,376,418",12/31/2028,2028,Construct Deerfield Switching Station and Install a 9% series reactor on the Okatie – McIntosh 115kV Tie Line.,This project is needed to improve system performance and to meet NERC TPL and internal DESC Planning Criteria for reliability.,"[""115kV""]",[115.0],new_construction,HIGH,project_type_rules_v1,[],[],[],[],40,40,41,41,https://www.scrtp.com/assets/pdfs/home/2026-2030-2million-and-above-project-descriptions.pdf,DESC 2026-2030 $2 Million and Above Project Descriptions,e98bfeb86f2263f790f95f3510a9ab1e1b128c47e4ae633b8ccd27bedfea9b26,PyMuPDF,1.28.2,scrtp_desc_current_v1,0.1.0,HIGH,HIGH,valid,[],[],"{""balancing_authority_normalized"":{""notes"":null,""origin"":""deterministic_rule"",""rule_id"":""scrtp_desc_utility_v1"",""source_fields"":[""source""]},""in_service_year"":{""notes"":null,""origin"":""derived_from_source"",""rule_id"":""scrtp_desc_date_year_v1"",""source_fields"":[""planned_in_service_date_raw""]},""project_name_normalized"":{""notes"":null,""origin"":""normalized"",""rule_id"":""project_name_v1"",""source_fields"":[""project_name_raw""]},""project_type"":{""notes"":null,""origin"":""deterministic_rule"",""rule_id"":""project_type_rules_v1"",""source_fields"":[""project_name_raw"",""description_raw""]},""voltage_kv"":{""notes"":null,""origin"":""derived_from_source"",""rule_id"":""voltage_kv_v1"",""source_fields"":[""project_name_raw"",""description_raw"",""supporting_statement_raw""]}}",,,,DESC,6888,This project is needed to improve system performance and to meet NERC TPL and internal DESC Planning Criteria for reliability.,Planned,12/31/2028,"Previous 2026 2027 2028 2029 2030 Total $0 $0 $50,000 $5,326,418 $0 $0 $5,376,418",5376418
scrtp-desc-2026-4c872ccba8939e35fac2,scrtp,2026,scrtp-2026-desc-current-projects,DESC,DESC,,CAE Industrial Park - Springdale Sub 115kV: Replace Laminated Wood Polls.,CAE Industrial Park - Springdale Sub 115kV: Replace Laminated Wood Polls.,"Project 42 of 54
Dominion Energy South Carolina
Planned Transmission Projects $2M and above Total
5 Year Budget
CAE Industrial Park - Springdale Sub 115kV: Replace Laminated Wood
Polls.
Project ID
6809 R
Project Description
There are 28 laminated wood poles on the CAE Industrial Park - Springdale Sub 115kV line, and 5
have been identified as ""rotten"" by OSMOSE inspections. Replace all 28 laminated wood poles.
Project Need
System Hardening
Project Status
Planned
Planned In-Service Date
12/31/2028
Estimated Project Cost
Previous 2026 2027 2028 2029 2030 Total
$0 $125,000 $1,700,000 $2,725,000 $0 $0 $4,450,000",12/31/2028,2028,"There are 28 laminated wood poles on the CAE Industrial Park - Springdale Sub 115kV line, and 5 have been identified as ""rotten"" by OSMOSE inspections. Replace all 28 laminated wood poles.",System Hardening,"[""115kV""]",[115.0],equipment_replacement,HIGH,project_type_rules_v1,"[""CAE Industrial Park"",""Springdale Sub""]","[""CAE Industrial Park"",""Springdale Sub""]",[],[],41,41,42,42,https://www.scrtp.com/assets/pdfs/home/2026-2030-2million-and-above-project-descriptions.pdf,DESC 2026-2030 $2 Million and Above Project Descriptions,e98bfeb86f2263f790f95f3510a9ab1e1b128c47e4ae633b8ccd27bedfea9b26,PyMuPDF,1.28.2,scrtp_desc_current_v1,0.1.0,HIGH,HIGH,valid,[],[],"{""balancing_authority_normalized"":{""notes"":null,""origin"":""deterministic_rule"",""rule_id"":""scrtp_desc_utility_v1"",""source_fields"":[""source""]},""endpoint_candidates"":{""notes"":""Text candidates only; no geocoding or entity resolution applied."",""origin"":""derived_from_source"",""rule_id"":""location_candidates_v1"",""source_fields"":[""project_name_raw""]},""in_service_year"":{""notes"":null,""origin"":""derived_from_source"",""rule_id"":""scrtp_desc_date_year_v1"",""source_fields"":[""planned_in_service_date_raw""]},""location_mentions"":{""notes"":""Text candidates only; no geocoding or entity resolution applied."",""origin"":""derived_from_source"",""rule_id"":""location_candidates_v1"",""source_fields"":[""project_name_raw""]},""project_name_normalized"":{""notes"":null,""origin"":""normalized"",""rule_id"":""project_name_v1"",""source_fields"":[""project_name_raw""]},""project_type"":{""notes"":null,""origin"":""deterministic_rule"",""rule_id"":""project_type_rules_v1"",""source_fields"":[""project_name_raw"",""description_raw""]},""voltage_kv"":{""notes"":null,""origin"":""derived_from_source"",""rule_id"":""voltage_kv_v1"",""source_fields"":[""project_name_raw"",""description_raw"",""supporting_statement_raw""]}}",,,,DESC,6809 R,System Hardening,Planned,12/31/2028,"Previous 2026 2027 2028 2029 2030 Total $0 $125,000 $1,700,000 $2,725,000 $0 $0 $4,450,000",4450000
scrtp-desc-2026-6246e72a6d88f440bff0,scrtp,2026,scrtp-2026-desc-current-projects,DESC,DESC,,St. George- Holly Hill 115kV: Rebuild Structures 83-108,St. George- Holly Hill 115kV: Rebuild Structures 83-108,"Project 43 of 54
Dominion Energy South Carolina
Planned Transmission Projects $2M and above Total
5 Year Budget
St. George- Holly Hill 115kV: Rebuild Structures 83-108
Project ID
6809 O
Project Description
Rebuild Structures 83-108 on existing St. George – Holly Hill 115 kV transmission line. Total length,
3.4 miles. Replace flat switches at Don's Car Crushing with new flat switches.
Distribution wants to be underbuilt when we rebuild.
Project Need
System Hardening
Project Status
Planned
Planned In-Service Date
12/31/2028
Estimated Project Cost
Previous 2026 2027 2028 2029 2030 Total
$25,000 $175,000 $125,000 $7,800,000 $0 $0 $8,125,000",12/31/2028,2028,"Rebuild Structures 83-108 on existing St. George – Holly Hill 115 kV transmission line. Total length, 3.4 miles. Replace flat switches at Don's Car Crushing with new flat switches. Distribution wants to be underbuilt when we rebuild.",System Hardening,"[""115kV"",""115 kV""]",[115.0],line_rebuild,HIGH,project_type_rules_v1,[],[],"[""3.4 miles""]",[3.4],42,42,43,43,https://www.scrtp.com/assets/pdfs/home/2026-2030-2million-and-above-project-descriptions.pdf,DESC 2026-2030 $2 Million and Above Project Descriptions,e98bfeb86f2263f790f95f3510a9ab1e1b128c47e4ae633b8ccd27bedfea9b26,PyMuPDF,1.28.2,scrtp_desc_current_v1,0.1.0,HIGH,HIGH,valid,[],[],"{""balancing_authority_normalized"":{""notes"":null,""origin"":""deterministic_rule"",""rule_id"":""scrtp_desc_utility_v1"",""source_fields"":[""source""]},""in_service_year"":{""notes"":null,""origin"":""derived_from_source"",""rule_id"":""scrtp_desc_date_year_v1"",""source_fields"":[""planned_in_service_date_raw""]},""length_miles"":{""notes"":""Values are preserved independently and are not summed."",""origin"":""derived_from_source"",""rule_id"":""length_miles_v1"",""source_fields"":[""description_raw""]},""project_name_normalized"":{""notes"":null,""origin"":""normalized"",""rule_id"":""project_name_v1"",""source_fields"":[""project_name_raw""]},""project_type"":{""notes"":null,""origin"":""deterministic_rule"",""rule_id"":""project_type_rules_v1"",""source_fields"":[""project_name_raw"",""description_raw""]},""voltage_kv"":{""notes"":null,""origin"":""derived_from_source"",""rule_id"":""voltage_kv_v1"",""source_fields"":[""project_name_raw"",""description_raw"",""supporting_statement_raw""]}}",,,,DESC,6809 O,System Hardening,Planned,12/31/2028,"Previous 2026 2027 2028 2029 2030 Total $25,000 $175,000 $125,000 $7,800,000 $0 $0 $8,125,000",8125000
scrtp-desc-2026-1abfb289467fdf34ea99,scrtp,2026,scrtp-2026-desc-current-projects,DESC,DESC,,Canadys-Ritter 115KV: Rebuild SPDC 230/115KV 1272 (Approx 18 Miles),Canadys-Ritter 115KV: Rebuild SPDC 230/115KV 1272 (Approx 18 Miles),"Project 44 of 54
Dominion Energy South Carolina
Planned Transmission Projects $2M and above Total
5 Year Budget
Canadys-Ritter 115KV: Rebuild SPDC 230/115KV 1272 (Approx 18
Miles)
Project ID
06076 A
Project Description
Rebuild Canadys-Ritter 115 kV line as SPDC with 1272 ACSR. Project includes the rebuild of the Canadys
- Ritter 115kV only. No 230kV work associated with this project.
17.5 miles
Project Need
Growth Customer Commitment Transmission Line Design
Project Status
In Progress
Planned In-Service Date
6/1/2029
Estimated Project Cost
Previous 2026 2027 2028 2029 2030 Total
$1,038,795 $500,000 $0 $11,875,000 $14,708,000 $0 $38,121,795",6/1/2029,2029,Rebuild Canadys-Ritter 115 kV line as SPDC with 1272 ACSR. Project includes the rebuild of the Canadys - Ritter 115kV only. No 230kV work associated with this project. 17.5 miles,Growth Customer Commitment Transmission Line Design,"[""115KV"",""230/115KV"",""115 kV"",""115kV"",""230kV""]","[115.0,230.0]",line_rebuild,HIGH,project_type_rules_v1,[],[],"[""17.5 miles""]",[17.5],43,43,44,44,https://www.scrtp.com/assets/pdfs/home/2026-2030-2million-and-above-project-descriptions.pdf,DESC 2026-2030 $2 Million and Above Project Descriptions,e98bfeb86f2263f790f95f3510a9ab1e1b128c47e4ae633b8ccd27bedfea9b26,PyMuPDF,1.28.2,scrtp_desc_current_v1,0.1.0,HIGH,HIGH,valid,[],[],"{""balancing_authority_normalized"":{""notes"":null,""origin"":""deterministic_rule"",""rule_id"":""scrtp_desc_utility_v1"",""source_fields"":[""source""]},""in_service_year"":{""notes"":null,""origin"":""derived_from_source"",""rule_id"":""scrtp_desc_date_year_v1"",""source_fields"":[""planned_in_service_date_raw""]},""length_miles"":{""notes"":""Values are preserved independently and are not summed."",""origin"":""derived_from_source"",""rule_id"":""length_miles_v1"",""source_fields"":[""description_raw""]},""project_name_normalized"":{""notes"":null,""origin"":""normalized"",""rule_id"":""project_name_v1"",""source_fields"":[""project_name_raw""]},""project_type"":{""notes"":null,""origin"":""deterministic_rule"",""rule_id"":""project_type_rules_v1"",""source_fields"":[""project_name_raw"",""description_raw""]},""voltage_kv"":{""notes"":null,""origin"":""derived_from_source"",""rule_id"":""voltage_kv_v1"",""source_fields"":[""project_name_raw"",""description_raw"",""supporting_statement_raw""]}}",,,,DESC,06076 A,Growth Customer Commitment Transmission Line Design,In Progress,6/1/2029,"Previous 2026 2027 2028 2029 2030 Total $1,038,795 $500,000 $0 $11,875,000 $14,708,000 $0 $38,121,795",38121795
scrtp-desc-2026-293622a55138dc3ee32b,scrtp,2026,scrtp-2026-desc-current-projects,DESC,DESC,,Wateree-Killian 230kV: Rebuild,Wateree-Killian 230kV: Rebuild,"Project 45 of 54
Dominion Energy South Carolina
Planned Transmission Projects $2M and above Total
5 Year Budget
Wateree-Killian 230kV: Rebuild
Project ID
6808 R
Project Description
Rebuilding the Wateree - Killian 230 kV Line. Line will be rebuilt SPSC with 1272 ACSR
Length - 35 miles
Project Need
This project is required to address end of life and reliability issues on these lines.
Project Status
Planned
Planned In-Service Date
12/31/29
Estimated Project Cost
Previous 2026 2027 2028 2029 2030 Total
$174,719 $150,000 $200,000 $21,665,000 $22,328,000 $0 $44,517,719",12/31/29,2029,Rebuilding the Wateree - Killian 230 kV Line. Line will be rebuilt SPSC with 1272 ACSR Length - 35 miles,This project is required to address end of life and reliability issues on these lines.,"[""230kV"",""230 kV""]",[230.0],line_rebuild,HIGH,project_type_rules_v1,[],[],"[""35 miles""]",[35.0],44,44,45,45,https://www.scrtp.com/assets/pdfs/home/2026-2030-2million-and-above-project-descriptions.pdf,DESC 2026-2030 $2 Million and Above Project Descriptions,e98bfeb86f2263f790f95f3510a9ab1e1b128c47e4ae633b8ccd27bedfea9b26,PyMuPDF,1.28.2,scrtp_desc_current_v1,0.1.0,HIGH,HIGH,valid,[],[],"{""balancing_authority_normalized"":{""notes"":null,""origin"":""deterministic_rule"",""rule_id"":""scrtp_desc_utility_v1"",""source_fields"":[""source""]},""in_service_year"":{""notes"":null,""origin"":""derived_from_source"",""rule_id"":""scrtp_desc_date_year_v1"",""source_fields"":[""planned_in_service_date_raw""]},""length_miles"":{""notes"":""Values are preserved independently and are not summed."",""origin"":""derived_from_source"",""rule_id"":""length_miles_v1"",""source_fields"":[""description_raw""]},""project_name_normalized"":{""notes"":null,""origin"":""normalized"",""rule_id"":""project_name_v1"",""source_fields"":[""project_name_raw""]},""project_type"":{""notes"":null,""origin"":""deterministic_rule"",""rule_id"":""project_type_rules_v1"",""source_fields"":[""project_name_raw"",""description_raw""]},""voltage_kv"":{""notes"":null,""origin"":""derived_from_source"",""rule_id"":""voltage_kv_v1"",""source_fields"":[""project_name_raw"",""description_raw"",""supporting_statement_raw""]}}",,,,DESC,6808 R,This project is required to address end of life and reliability issues on these lines.,Planned,12/31/29,"Previous 2026 2027 2028 2029 2030 Total $174,719 $150,000 $200,000 $21,665,000 $22,328,000 $0 $44,517,719",44517719
scrtp-desc-2026-46820ad9c5762567112e,scrtp,2026,scrtp-2026-desc-current-projects,DESC,DESC,,Church Creek – Dawson 230 kV: Rebuild from Long Savannah to Dawson,Church Creek - Dawson 230 kV: Rebuild from Long Savannah to Dawson,"Project 46 of 54
Dominion Energy South Carolina
Planned Transmission Projects $2M and above Total
5 Year Budget
Church Creek – Dawson 230 kV: Rebuild from Long Savannah to Dawson
Project ID
6877 A
Project Description
Rebuild Dawson – Long Savannah 230kV Line SPSC B1272 (Designed SPDC B1272). Approximately 13.6
miles. 6869C includes rebuild from Long Savannah – Church Creek 230kV (3.0 miles). For 8 miles
(Dawson – Mateeba), include the rebuild of Dawson – Faber Place SPSC B1272 (Designed SPDC B1272)
Project Need
Growth Load Transmission Line Design
Project Status
Planned
Planned In-Service Date
12/31/2029
Estimated Project Cost
Previous 2026 2027 2028 2029 2030 Total
$150,000 0 $175,000 $18,550,000 $23,500,000 $0 $42,375,000",12/31/2029,2029,"Rebuild Dawson – Long Savannah 230kV Line SPSC B1272 (Designed SPDC B1272). Approximately 13.6 miles. 6869C includes rebuild from Long Savannah – Church Creek 230kV (3.0 miles). For 8 miles (Dawson – Mateeba), include the rebuild of Dawson – Faber Place SPSC B1272 (Designed SPDC B1272)",Growth Load Transmission Line Design,"[""230 kV"",""230kV""]",[230.0],line_rebuild,HIGH,project_type_rules_v1,[],[],"[""13.6 miles"",""3.0 miles"",""8 miles""]","[13.6,3.0,8.0]",45,45,46,46,https://www.scrtp.com/assets/pdfs/home/2026-2030-2million-and-above-project-descriptions.pdf,DESC 2026-2030 $2 Million and Above Project Descriptions,e98bfeb86f2263f790f95f3510a9ab1e1b128c47e4ae633b8ccd27bedfea9b26,PyMuPDF,1.28.2,scrtp_desc_current_v1,0.1.0,HIGH,HIGH,valid,[],[],"{""balancing_authority_normalized"":{""notes"":null,""origin"":""deterministic_rule"",""rule_id"":""scrtp_desc_utility_v1"",""source_fields"":[""source""]},""in_service_year"":{""notes"":null,""origin"":""derived_from_source"",""rule_id"":""scrtp_desc_date_year_v1"",""source_fields"":[""planned_in_service_date_raw""]},""length_miles"":{""notes"":""Values are preserved independently and are not summed."",""origin"":""derived_from_source"",""rule_id"":""length_miles_v1"",""source_fields"":[""description_raw""]},""project_name_normalized"":{""notes"":null,""origin"":""normalized"",""rule_id"":""project_name_v1"",""source_fields"":[""project_name_raw""]},""project_type"":{""notes"":null,""origin"":""deterministic_rule"",""rule_id"":""project_type_rules_v1"",""source_fields"":[""project_name_raw"",""description_raw""]},""voltage_kv"":{""notes"":null,""origin"":""derived_from_source"",""rule_id"":""voltage_kv_v1"",""source_fields"":[""project_name_raw"",""description_raw"",""supporting_statement_raw""]}}",,,,DESC,6877 A,Growth Load Transmission Line Design,Planned,12/31/2029,"Previous 2026 2027 2028 2029 2030 Total $150,000 0 $175,000 $18,550,000 $23,500,000 $0 $42,375,000",42375000
scrtp-desc-2026-7fa4730f03b913c12731,scrtp,2026,scrtp-2026-desc-current-projects,DESC,DESC,,Long Savannah 115 kV Tap: Construct,Long Savannah 115 kV Tap: Construct,"Project 47 of 54
Dominion Energy South Carolina
Planned Transmission Projects $2M and above Total
5 Year Budget
Long Savannah 115 kV Tap: Construct
Project ID
6869 D
Project Description
Rebuild Church Creek - Dawson 230kV line from Long Savannah to Church Creek. Include Long Savannah
115kV Tap SPDC with Church Creek - Dawson 230kV from Long Savannah to tap point with Church Creek
- Ravenel (BEC) 115kV Line and SPSC from Tap Point to Church Creek. Long Savannah will be fed from
Church Creek – Ravenel (BEC) 115 kV.
Project Need
Load Growth.
Project Status
Planned
Planned In-Service Date
12/31/2029
Estimated Project Cost
Previous 2026 2027 2028 2029 2030 Total
$0 $0 $0 $100,000 $5,000,000 $0 $5,100,000",12/31/2029,2029,Rebuild Church Creek - Dawson 230kV line from Long Savannah to Church Creek. Include Long Savannah 115kV Tap SPDC with Church Creek - Dawson 230kV from Long Savannah to tap point with Church Creek - Ravenel (BEC) 115kV Line and SPSC from Tap Point to Church Creek. Long Savannah will be fed from Church Creek – Ravenel (BEC) 115 kV.,Load Growth.,"[""115 kV"",""230kV"",""115kV""]","[115.0,230.0]",line_rebuild,HIGH,project_type_rules_v1,[],[],[],[],46,46,47,47,https://www.scrtp.com/assets/pdfs/home/2026-2030-2million-and-above-project-descriptions.pdf,DESC 2026-2030 $2 Million and Above Project Descriptions,e98bfeb86f2263f790f95f3510a9ab1e1b128c47e4ae633b8ccd27bedfea9b26,PyMuPDF,1.28.2,scrtp_desc_current_v1,0.1.0,HIGH,HIGH,valid,[],[],"{""balancing_authority_normalized"":{""notes"":null,""origin"":""deterministic_rule"",""rule_id"":""scrtp_desc_utility_v1"",""source_fields"":[""source""]},""in_service_year"":{""notes"":null,""origin"":""derived_from_source"",""rule_id"":""scrtp_desc_date_year_v1"",""source_fields"":[""planned_in_service_date_raw""]},""project_name_normalized"":{""notes"":null,""origin"":""normalized"",""rule_id"":""project_name_v1"",""source_fields"":[""project_name_raw""]},""project_type"":{""notes"":null,""origin"":""deterministic_rule"",""rule_id"":""project_type_rules_v1"",""source_fields"":[""project_name_raw"",""description_raw""]},""voltage_kv"":{""notes"":null,""origin"":""derived_from_source"",""rule_id"":""voltage_kv_v1"",""source_fields"":[""project_name_raw"",""description_raw"",""supporting_statement_raw""]}}",,,,DESC,6869 D,Load Growth.,Planned,12/31/2029,"Previous 2026 2027 2028 2029 2030 Total $0 $0 $0 $100,000 $5,000,000 $0 $5,100,000",5100000
scrtp-desc-2026-d996339bf6f88a71bec4,scrtp,2026,scrtp-2026-desc-current-projects,DESC,DESC,,Modoc – McCormick 115/46 kV Rebuild,Modoc - McCormick 115/46 kV Rebuild,"Project 48 of 54
Dominion Energy South Carolina
Planned Transmission Projects $2M and above Total
5 Year Budget
Modoc – McCormick 115/46 kV Rebuild
Project ID
6809 M
Project Description
Rebuilding the section of 115/46kV line between Modoc and McCormick. Lines will be SPDC with 115 kV
insulation on both sides.
Project Need
System Hardening
Project Status
Planned
Planned In-Service Date
12/31/29
Estimated Project Cost
Previous 2026 2027 2028 2029 2030 Total
$0 $275,000 $125,000 $7,600,000 $11,800,000 $0 $19,800,000",12/31/29,2029,Rebuilding the section of 115/46kV line between Modoc and McCormick. Lines will be SPDC with 115 kV insulation on both sides.,System Hardening,"[""115/46 kV"",""115/46kV"",""115 kV""]","[115.0,46.0]",line_rebuild,HIGH,project_type_rules_v1,[],[],[],[],47,47,48,48,https://www.scrtp.com/assets/pdfs/home/2026-2030-2million-and-above-project-descriptions.pdf,DESC 2026-2030 $2 Million and Above Project Descriptions,e98bfeb86f2263f790f95f3510a9ab1e1b128c47e4ae633b8ccd27bedfea9b26,PyMuPDF,1.28.2,scrtp_desc_current_v1,0.1.0,HIGH,HIGH,valid,[],[],"{""balancing_authority_normalized"":{""notes"":null,""origin"":""deterministic_rule"",""rule_id"":""scrtp_desc_utility_v1"",""source_fields"":[""source""]},""in_service_year"":{""notes"":null,""origin"":""derived_from_source"",""rule_id"":""scrtp_desc_date_year_v1"",""source_fields"":[""planned_in_service_date_raw""]},""project_name_normalized"":{""notes"":null,""origin"":""normalized"",""rule_id"":""project_name_v1"",""source_fields"":[""project_name_raw""]},""project_type"":{""notes"":null,""origin"":""deterministic_rule"",""rule_id"":""project_type_rules_v1"",""source_fields"":[""project_name_raw"",""description_raw""]},""voltage_kv"":{""notes"":null,""origin"":""derived_from_source"",""rule_id"":""voltage_kv_v1"",""source_fields"":[""project_name_raw"",""description_raw"",""supporting_statement_raw""]}}",,,,DESC,6809 M,System Hardening,Planned,12/31/29,"Previous 2026 2027 2028 2029 2030 Total $0 $275,000 $125,000 $7,600,000 $11,800,000 $0 $19,800,000",19800000
scrtp-desc-2026-934683e291b7d4eca945,scrtp,2026,scrtp-2026-desc-current-projects,DESC,DESC,,Stevens Creek - Graniteville 115 kV: Rebuild,Stevens Creek - Graniteville 115 kV: Rebuild,"Project 49 of 54
Dominion Energy South Carolina
Planned Transmission Projects $2M and above Total
5 Year Budget
Stevens Creek - Graniteville 115 kV: Rebuild
Project ID
6809 T
Project Description
Rebuilding the 15 mile section of 115 kv line between Stevens Creek and Graniteville. This line was built
in the early 1960s, has small wire, and is in rough shape, as noted by the extensive damage during the
hurricane.
Project Need
System Hardening
Project Status
Planned
Planned In-Service Date
12/31/29
Estimated Project Cost
Previous 2026 2027 2028 2029 2030 Total
$0 $100,000 $200,000 $9,300,000 $8,600,000 $0 $18,200,000",12/31/29,2029,"Rebuilding the 15 mile section of 115 kv line between Stevens Creek and Graniteville. This line was built in the early 1960s, has small wire, and is in rough shape, as noted by the extensive damage during the hurricane.",System Hardening,"[""115 kV"",""115 kv""]",[115.0],line_rebuild,HIGH,project_type_rules_v1,"[""Stevens Creek"",""Graniteville""]","[""Stevens Creek"",""Graniteville""]","[""15 mile""]",[15.0],48,48,49,49,https://www.scrtp.com/assets/pdfs/home/2026-2030-2million-and-above-project-descriptions.pdf,DESC 2026-2030 $2 Million and Above Project Descriptions,e98bfeb86f2263f790f95f3510a9ab1e1b128c47e4ae633b8ccd27bedfea9b26,PyMuPDF,1.28.2,scrtp_desc_current_v1,0.1.0,HIGH,HIGH,valid,[],[],"{""balancing_authority_normalized"":{""notes"":null,""origin"":""deterministic_rule"",""rule_id"":""scrtp_desc_utility_v1"",""source_fields"":[""source""]},""endpoint_candidates"":{""notes"":""Text candidates only; no geocoding or entity resolution applied."",""origin"":""derived_from_source"",""rule_id"":""location_candidates_v1"",""source_fields"":[""project_name_raw""]},""in_service_year"":{""notes"":null,""origin"":""derived_from_source"",""rule_id"":""scrtp_desc_date_year_v1"",""source_fields"":[""planned_in_service_date_raw""]},""length_miles"":{""notes"":""Values are preserved independently and are not summed."",""origin"":""derived_from_source"",""rule_id"":""length_miles_v1"",""source_fields"":[""description_raw""]},""location_mentions"":{""notes"":""Text candidates only; no geocoding or entity resolution applied."",""origin"":""derived_from_source"",""rule_id"":""location_candidates_v1"",""source_fields"":[""project_name_raw""]},""project_name_normalized"":{""notes"":null,""origin"":""normalized"",""rule_id"":""project_name_v1"",""source_fields"":[""project_name_raw""]},""project_type"":{""notes"":null,""origin"":""deterministic_rule"",""rule_id"":""project_type_rules_v1"",""source_fields"":[""project_name_raw"",""description_raw""]},""voltage_kv"":{""notes"":null,""origin"":""derived_from_source"",""rule_id"":""voltage_kv_v1"",""source_fields"":[""project_name_raw"",""description_raw"",""supporting_statement_raw""]}}",,,,DESC,6809 T,System Hardening,Planned,12/31/29,"Previous 2026 2027 2028 2029 2030 Total $0 $100,000 $200,000 $9,300,000 $8,600,000 $0 $18,200,000",18200000
scrtp-desc-2026-e24119ec3a7bdb72a697,scrtp,2026,scrtp-2026-desc-current-projects,DESC,DESC,,Calhoun County - North 46 kV Rebuild,Calhoun County - North 46 kV Rebuild,"Project 50 of 54
Dominion Energy South Carolina
Planned Transmission Projects $2M and above Total
5 Year Budget
Calhoun County - North 46 kV Rebuild
Project ID
6810 N
Project Description
System Hardening project – Rebuilding the 46 kV line between North and Calhoun County. 9.5 miles
Project Need
System Hardening
Project Status
Planned
Planned In-Service Date
12/31/2029
Estimated Project Cost
Previous 2026 2027 2028 2029 2030 Total
$0 $0 $100,000 $200,000 $9,900,000 $0 $10,200,000",12/31/2029,2029,System Hardening project – Rebuilding the 46 kV line between North and Calhoun County. 9.5 miles,System Hardening,"[""46 kV""]",[46.0],line_rebuild,HIGH,project_type_rules_v1,"[""Calhoun County"",""North""]","[""Calhoun County"",""North""]","[""9.5 miles""]",[9.5],49,49,50,50,https://www.scrtp.com/assets/pdfs/home/2026-2030-2million-and-above-project-descriptions.pdf,DESC 2026-2030 $2 Million and Above Project Descriptions,e98bfeb86f2263f790f95f3510a9ab1e1b128c47e4ae633b8ccd27bedfea9b26,PyMuPDF,1.28.2,scrtp_desc_current_v1,0.1.0,HIGH,HIGH,valid,[],[],"{""balancing_authority_normalized"":{""notes"":null,""origin"":""deterministic_rule"",""rule_id"":""scrtp_desc_utility_v1"",""source_fields"":[""source""]},""endpoint_candidates"":{""notes"":""Text candidates only; no geocoding or entity resolution applied."",""origin"":""derived_from_source"",""rule_id"":""location_candidates_v1"",""source_fields"":[""project_name_raw""]},""in_service_year"":{""notes"":null,""origin"":""derived_from_source"",""rule_id"":""scrtp_desc_date_year_v1"",""source_fields"":[""planned_in_service_date_raw""]},""length_miles"":{""notes"":""Values are preserved independently and are not summed."",""origin"":""derived_from_source"",""rule_id"":""length_miles_v1"",""source_fields"":[""description_raw""]},""location_mentions"":{""notes"":""Text candidates only; no geocoding or entity resolution applied."",""origin"":""derived_from_source"",""rule_id"":""location_candidates_v1"",""source_fields"":[""project_name_raw""]},""project_name_normalized"":{""notes"":null,""origin"":""normalized"",""rule_id"":""project_name_v1"",""source_fields"":[""project_name_raw""]},""project_type"":{""notes"":null,""origin"":""deterministic_rule"",""rule_id"":""project_type_rules_v1"",""source_fields"":[""project_name_raw"",""description_raw""]},""voltage_kv"":{""notes"":null,""origin"":""derived_from_source"",""rule_id"":""voltage_kv_v1"",""source_fields"":[""project_name_raw"",""description_raw"",""supporting_statement_raw""]}}",,,,DESC,6810 N,System Hardening,Planned,12/31/2029,"Previous 2026 2027 2028 2029 2030 Total $0 $0 $100,000 $200,000 $9,900,000 $0 $10,200,000",10200000
scrtp-desc-2026-1369cc25b0f210697d9f,scrtp,2026,scrtp-2026-desc-current-projects,DESC,DESC,,Union Pier 115-13.8 kV Sub: Tap,Union Pier 115-13.8 kV Sub: Tap,"Project 51 of 54
Dominion Energy South Carolina
Planned Transmission Projects $2M and above Total
5 Year Budget
Union Pier 115-13.8 kV Sub: Tap
Project ID
0167 C-D
Project Description
Installing a 115 kV Tap (or possibly dedicated feed from Charlotte St) to feed the Union Pier 115 kV Sub.
Project Need
This project is needed to for load growth in the Charleston area.
Project Status
Planned
Planned In-Service Date
12/31/30
Estimated Project Cost
Previous 2026 2027 2028 2029 2030 Total
$0 $0 $0 $350,000 $6,350,000 $15,700,000 $22,400,000",12/31/30,2030,Installing a 115 kV Tap (or possibly dedicated feed from Charlotte St) to feed the Union Pier 115 kV Sub.,This project is needed to for load growth in the Charleston area.,"[""13.8 kV"",""115 kV""]","[13.8,115.0]",equipment_installation,HIGH,project_type_rules_v1,[],[],[],[],50,50,51,51,https://www.scrtp.com/assets/pdfs/home/2026-2030-2million-and-above-project-descriptions.pdf,DESC 2026-2030 $2 Million and Above Project Descriptions,e98bfeb86f2263f790f95f3510a9ab1e1b128c47e4ae633b8ccd27bedfea9b26,PyMuPDF,1.28.2,scrtp_desc_current_v1,0.1.0,HIGH,HIGH,valid,[],[],"{""balancing_authority_normalized"":{""notes"":null,""origin"":""deterministic_rule"",""rule_id"":""scrtp_desc_utility_v1"",""source_fields"":[""source""]},""in_service_year"":{""notes"":null,""origin"":""derived_from_source"",""rule_id"":""scrtp_desc_date_year_v1"",""source_fields"":[""planned_in_service_date_raw""]},""project_name_normalized"":{""notes"":null,""origin"":""normalized"",""rule_id"":""project_name_v1"",""source_fields"":[""project_name_raw""]},""project_type"":{""notes"":null,""origin"":""deterministic_rule"",""rule_id"":""project_type_rules_v1"",""source_fields"":[""project_name_raw"",""description_raw""]},""voltage_kv"":{""notes"":null,""origin"":""derived_from_source"",""rule_id"":""voltage_kv_v1"",""source_fields"":[""project_name_raw"",""description_raw"",""supporting_statement_raw""]}}",,,,DESC,0167 C-D,This project is needed to for load growth in the Charleston area.,Planned,12/31/30,"Previous 2026 2027 2028 2029 2030 Total $0 $0 $0 $350,000 $6,350,000 $15,700,000 $22,400,000",22400000
scrtp-desc-2026-167cae57a08d41084d8f,scrtp,2026,scrtp-2026-desc-current-projects,DESC,DESC,,Faber Place-Bayfront 115kV: Rebuild North Bridge Terrace to Bayfront Section,Faber Place-Bayfront 115kV: Rebuild North Bridge Terrace to Bayfront Section,"Project 52 of 54
Dominion Energy South Carolina
Planned Transmission Projects $2M and above Total
5 Year Budget
Faber Place-Bayfront 115kV: Rebuild North Bridge Terrace to Bayfront
Section
Project ID
6808 V
Project Description
Rebuild Faber Place - Bayfront 115kV from N. Bridge Terrace Sub - Bayfront Sub. Line will be rebuilt SPSC
with 1272 ACSR. String 1272 ACSR from Across the Ashley River - N. Bridge Terrace. String 1272 ACSR
from Bayfront - Camp Rd. Scope modified to include Camp Rd. - James Island section as well.
Project Need
This project is required to address end of life and reliability issues on these lines.
Project Status
In Progress
Planned In-Service Date
12/31/30
Estimated Project Cost
Previous 2026 2027 2028 2029 2030 Total
$1,314,478 $600,000 $0 $200,000 $11,450,000 $5,400,000 $18,964,478",12/31/30,2030,Rebuild Faber Place - Bayfront 115kV from N. Bridge Terrace Sub - Bayfront Sub. Line will be rebuilt SPSC with 1272 ACSR. String 1272 ACSR from Across the Ashley River - N. Bridge Terrace. String 1272 ACSR from Bayfront - Camp Rd. Scope modified to include Camp Rd. - James Island section as well.,This project is required to address end of life and reliability issues on these lines.,"[""115kV""]",[115.0],line_rebuild,HIGH,project_type_rules_v1,[],[],[],[],51,51,52,52,https://www.scrtp.com/assets/pdfs/home/2026-2030-2million-and-above-project-descriptions.pdf,DESC 2026-2030 $2 Million and Above Project Descriptions,e98bfeb86f2263f790f95f3510a9ab1e1b128c47e4ae633b8ccd27bedfea9b26,PyMuPDF,1.28.2,scrtp_desc_current_v1,0.1.0,HIGH,HIGH,valid,[],[],"{""balancing_authority_normalized"":{""notes"":null,""origin"":""deterministic_rule"",""rule_id"":""scrtp_desc_utility_v1"",""source_fields"":[""source""]},""in_service_year"":{""notes"":null,""origin"":""derived_from_source"",""rule_id"":""scrtp_desc_date_year_v1"",""source_fields"":[""planned_in_service_date_raw""]},""project_name_normalized"":{""notes"":null,""origin"":""normalized"",""rule_id"":""project_name_v1"",""source_fields"":[""project_name_raw""]},""project_type"":{""notes"":null,""origin"":""deterministic_rule"",""rule_id"":""project_type_rules_v1"",""source_fields"":[""project_name_raw"",""description_raw""]},""voltage_kv"":{""notes"":null,""origin"":""derived_from_source"",""rule_id"":""voltage_kv_v1"",""source_fields"":[""project_name_raw"",""description_raw"",""supporting_statement_raw""]}}",,,,DESC,6808 V,This project is required to address end of life and reliability issues on these lines.,In Progress,12/31/30,"Previous 2026 2027 2028 2029 2030 Total $1,314,478 $600,000 $0 $200,000 $11,450,000 $5,400,000 $18,964,478",18964478
scrtp-desc-2026-8b260462f73fb187efb7,scrtp,2026,scrtp-2026-desc-current-projects,DESC,DESC,,Clements Ferry Rd Sub: 115kV Tap from Cainhoy,Clements Ferry Rd Sub: 115kV Tap from Cainhoy,"Project 53 of 54
Dominion Energy South Carolina
Planned Transmission Projects $2M and above Total
5 Year Budget
Clements Ferry Rd Sub: 115kV Tap from Cainhoy
Project ID
0147 A-I
Project Description
Construct a 115 kV tap from Cainhoy to Clements Ferry. Approximately 2.8 miles. Construct terminal at
Cainhoy.
Project Need
Load growth.
Project Status
Planned
Planned In-Service Date
12/31/2031
Estimated Project Cost
Previous 2026 2027 2028 2029 2030 Total
$0 $0 $0 $00 $250,000 $9,500,000 $9,750,000",12/31/2031,2031,Construct a 115 kV tap from Cainhoy to Clements Ferry. Approximately 2.8 miles. Construct terminal at Cainhoy.,Load growth.,"[""115kV"",""115 kV""]",[115.0],new_construction,HIGH,project_type_rules_v1,[],[],"[""2.8 miles""]",[2.8],52,52,53,53,https://www.scrtp.com/assets/pdfs/home/2026-2030-2million-and-above-project-descriptions.pdf,DESC 2026-2030 $2 Million and Above Project Descriptions,e98bfeb86f2263f790f95f3510a9ab1e1b128c47e4ae633b8ccd27bedfea9b26,PyMuPDF,1.28.2,scrtp_desc_current_v1,0.1.0,HIGH,HIGH,valid,[],[],"{""balancing_authority_normalized"":{""notes"":null,""origin"":""deterministic_rule"",""rule_id"":""scrtp_desc_utility_v1"",""source_fields"":[""source""]},""in_service_year"":{""notes"":null,""origin"":""derived_from_source"",""rule_id"":""scrtp_desc_date_year_v1"",""source_fields"":[""planned_in_service_date_raw""]},""length_miles"":{""notes"":""Values are preserved independently and are not summed."",""origin"":""derived_from_source"",""rule_id"":""length_miles_v1"",""source_fields"":[""description_raw""]},""project_name_normalized"":{""notes"":null,""origin"":""normalized"",""rule_id"":""project_name_v1"",""source_fields"":[""project_name_raw""]},""project_type"":{""notes"":null,""origin"":""deterministic_rule"",""rule_id"":""project_type_rules_v1"",""source_fields"":[""project_name_raw"",""description_raw""]},""voltage_kv"":{""notes"":null,""origin"":""derived_from_source"",""rule_id"":""voltage_kv_v1"",""source_fields"":[""project_name_raw"",""description_raw"",""supporting_statement_raw""]}}",,,,DESC,0147 A-I,Load growth.,Planned,12/31/2031,"Previous 2026 2027 2028 2029 2030 Total $0 $0 $0 $00 $250,000 $9,500,000 $9,750,000",9750000
scrtp-desc-2026-e392d32c82bbf3b76a94,scrtp,2026,scrtp-2026-desc-current-projects,DESC,DESC,,VCS2-Ward 230kV: Rebuild Line,VCS2-Ward 230kV: Rebuild Line,"Project 54 of 54
Dominion Energy South Carolina
Planned Transmission Projects $2M and above Total
5 Year Budget
VCS2-Ward 230kV: Rebuild Line
Project ID
06810 F
Project Description
Rebuild 40 miles of 230 kV line.
Project Need
This project is required to address end of life and maintenance issues.
Project Status
Planned
Planned In-Service Date
12/31/32
Estimated Project Cost
Previous 2026 2027 2028 2029 2030 Total
25,000 $0 $0 $0 $850,000 $18,000,000 $18,875,000",12/31/32,2032,Rebuild 40 miles of 230 kV line.,This project is required to address end of life and maintenance issues.,"[""230kV"",""230 kV""]",[230.0],line_rebuild,HIGH,project_type_rules_v1,[],[],"[""40 miles""]",[40.0],53,53,54,54,https://www.scrtp.com/assets/pdfs/home/2026-2030-2million-and-above-project-descriptions.pdf,DESC 2026-2030 $2 Million and Above Project Descriptions,e98bfeb86f2263f790f95f3510a9ab1e1b128c47e4ae633b8ccd27bedfea9b26,PyMuPDF,1.28.2,scrtp_desc_current_v1,0.1.0,HIGH,HIGH,valid,[],[],"{""balancing_authority_normalized"":{""notes"":null,""origin"":""deterministic_rule"",""rule_id"":""scrtp_desc_utility_v1"",""source_fields"":[""source""]},""in_service_year"":{""notes"":null,""origin"":""derived_from_source"",""rule_id"":""scrtp_desc_date_year_v1"",""source_fields"":[""planned_in_service_date_raw""]},""length_miles"":{""notes"":""Values are preserved independently and are not summed."",""origin"":""derived_from_source"",""rule_id"":""length_miles_v1"",""source_fields"":[""description_raw""]},""project_name_normalized"":{""notes"":null,""origin"":""normalized"",""rule_id"":""project_name_v1"",""source_fields"":[""project_name_raw""]},""project_type"":{""notes"":null,""origin"":""deterministic_rule"",""rule_id"":""project_type_rules_v1"",""source_fields"":[""project_name_raw"",""description_raw""]},""voltage_kv"":{""notes"":null,""origin"":""derived_from_source"",""rule_id"":""voltage_kv_v1"",""source_fields"":[""project_name_raw"",""description_raw"",""supporting_statement_raw""]}}",,,,DESC,06810 F,This project is required to address end of life and maintenance issues.,Planned,12/31/32,"Previous 2026 2027 2028 2029 2030 Total 25,000 $0 $0 $0 $850,000 $18,000,000 $18,875,000",18875000
