observation_id,utility,project_name_raw,project_name_normalized,project_type,description_raw,voltage_raw,voltage_kv,project_status_raw,planned_in_service_date_raw,in_service_year_raw,in_service_year,timeline_raw,estimated_cost_raw,estimated_cost_usd,endpoint_candidates,location_mentions,source_url,source_title,pdf_page_start,pdf_page_end,confidence,geometry,latitude,longitude,balancing_authority_normalized,balancing_authority_raw,completion_target_raw,construction_start_raw,county_region_raw,document_id,extraction_confidence,extraction_engine,extraction_engine_version,field_provenance,length_miles,length_raw,owner_prefix_raw,parser_version,pipeline_version,planning_year,printed_page_end,printed_page_start,project_id_raw,project_need_raw,project_type_confidence,project_type_method,project_type_raw,raw_record_text,source,source_sha256,supporting_statement_raw,validation_notes,validation_status,warning_codes
scrtp-desc-2026-eb202ce3590c13fc88e7,DESC,Adams Run – Red House Road 46 kV: Replace Dawhoo River Crossing and other Structures,Adams Run - Red House Road 46 kV: Replace Dawhoo River Crossing and other Structures,equipment_replacement,"Set the 2 River Crossing structures on the Dawhoo River and replace the other structures in the marsh with Distribution Underbuild. In addition, replace other structures identified on the 46kV line. Str 2,6,9,12,18,25,38-40,47,48,81-83,95-110 (Dawhoo Marsh),125,130-134,167,168,184,203,206,218- 220,228,230,238,260-262,265,271-273,277,278,299,302. (58 Structures)","[""46 kV"",""46kV""]",[46.0],Planned,12/31/2027,12/31/2027,2027,,"Previous 2026 2027 2028 2029 2030 Total $277,791 $325,000 $10,397,209 $0 $0 $0 $11,000,000",11000000,[],[],https://www.scrtp.com/assets/pdfs/home/2026-2030-2million-and-above-project-descriptions.pdf,DESC 2026-2030 $2 Million and Above Project Descriptions,27,27,HIGH,,,,DESC,DESC,,,,scrtp-2026-desc-current-projects,HIGH,PyMuPDF,1.28.2,"{""balancing_authority_normalized"":{""notes"":null,""origin"":""deterministic_rule"",""rule_id"":""scrtp_desc_utility_v1"",""source_fields"":[""source""]},""in_service_year"":{""notes"":null,""origin"":""derived_from_source"",""rule_id"":""scrtp_desc_date_year_v1"",""source_fields"":[""planned_in_service_date_raw""]},""project_name_normalized"":{""notes"":null,""origin"":""normalized"",""rule_id"":""project_name_v1"",""source_fields"":[""project_name_raw""]},""project_type"":{""notes"":null,""origin"":""deterministic_rule"",""rule_id"":""project_type_rules_v1"",""source_fields"":[""project_name_raw"",""description_raw""]},""voltage_kv"":{""notes"":null,""origin"":""derived_from_source"",""rule_id"":""voltage_kv_v1"",""source_fields"":[""project_name_raw"",""description_raw"",""supporting_statement_raw""]}}",[],[],,scrtp_desc_current_v1,0.1.0,2026,28,28,6809 I2,System hardening.,HIGH,project_type_rules_v1,,"Project 28 of 54
Dominion Energy South Carolina
Planned Transmission Projects $2M and above Total
5 Year Budget
Adams Run – Red House Road 46 kV: Replace Dawhoo River Crossing
and other Structures
Project ID
6809 I2
Project Description
Set the 2 River Crossing structures on the Dawhoo River and replace the other structures in the marsh
with Distribution Underbuild. In addition, replace other structures identified on the 46kV line.
Str 2,6,9,12,18,25,38-40,47,48,81-83,95-110 (Dawhoo Marsh),125,130-134,167,168,184,203,206,218-
220,228,230,238,260-262,265,271-273,277,278,299,302. (58 Structures)
Project Need
System hardening.
Project Status
Planned
Planned In-Service Date
12/31/2027
Estimated Project Cost
Previous 2026 2027 2028 2029 2030 Total
$277,791 $325,000 $10,397,209 $0 $0 $0 $11,000,000",scrtp,e98bfeb86f2263f790f95f3510a9ab1e1b128c47e4ae633b8ccd27bedfea9b26,System hardening.,[],valid,[]
scrtp-desc-2026-309795ee1adf28cf2ca0,DESC,Atomic Road 115/12kV Sub: Construct,Atomic Road 115/12kV Sub: Construct,new_construction,New 115-12kV Sub Construction. Transformer will be 28 MVA. Will construct 4 bays with 3 breakers put in service.,"[""115/12kV"",""12kV""]","[115.0,12.0]",Planned,12/31/2028,12/31/2028,2028,,"Previous 2026 2027 2028 2029 2030 Total $0 $90,000 $0 $3,556,027 $0 $0 $3,646,027",3646027,[],[],https://www.scrtp.com/assets/pdfs/home/2026-2030-2million-and-above-project-descriptions.pdf,DESC 2026-2030 $2 Million and Above Project Descriptions,23,23,HIGH,,,,DESC,DESC,,,,scrtp-2026-desc-current-projects,HIGH,PyMuPDF,1.28.2,"{""balancing_authority_normalized"":{""notes"":null,""origin"":""deterministic_rule"",""rule_id"":""scrtp_desc_utility_v1"",""source_fields"":[""source""]},""in_service_year"":{""notes"":null,""origin"":""derived_from_source"",""rule_id"":""scrtp_desc_date_year_v1"",""source_fields"":[""planned_in_service_date_raw""]},""project_name_normalized"":{""notes"":null,""origin"":""normalized"",""rule_id"":""project_name_v1"",""source_fields"":[""project_name_raw""]},""project_type"":{""notes"":null,""origin"":""deterministic_rule"",""rule_id"":""project_type_rules_v1"",""source_fields"":[""project_name_raw"",""description_raw""]},""voltage_kv"":{""notes"":null,""origin"":""derived_from_source"",""rule_id"":""voltage_kv_v1"",""source_fields"":[""project_name_raw"",""description_raw"",""supporting_statement_raw""]}}",[],[],,scrtp_desc_current_v1,0.1.0,2026,24,24,7956B,Growth Customer Commitment Substation Design,HIGH,project_type_rules_v1,,"Project 24 of 54
Dominion Energy South Carolina
Planned Transmission Projects $2M and above Total
5 Year Budget
Atomic Road 115/12kV Sub: Construct
Project ID
7956B
Project Description
New 115-12kV Sub Construction. Transformer will be 28 MVA. Will construct 4 bays with 3 breakers put
in service.
Project Need
Growth Customer Commitment Substation Design
Project Status
Planned
Planned In-Service Date
12/31/2028
Estimated Project Cost
Previous 2026 2027 2028 2029 2030 Total
$0 $90,000 $0 $3,556,027 $0 $0 $3,646,027",scrtp,e98bfeb86f2263f790f95f3510a9ab1e1b128c47e4ae633b8ccd27bedfea9b26,Growth Customer Commitment Substation Design,[],valid,[]
scrtp-desc-2026-a475537e9a3c614817c8,DESC,Batesburg - Saluda County 115kV: Rebuild,Batesburg - Saluda County 115kV: Rebuild,line_rebuild,Rebuild 13.5 miles of conductor.,"[""115kV""]",[115.0],In Progress,06/31/2026,06/31/2026,2026,,"Previous 2026 2027 2028 2029 2030 Total $12,223,765 $817,000 $0 $0 $0 $0 $13,040,765",13040765,"[""Batesburg"",""Saluda County""]","[""Batesburg"",""Saluda County""]",https://www.scrtp.com/assets/pdfs/home/2026-2030-2million-and-above-project-descriptions.pdf,DESC 2026-2030 $2 Million and Above Project Descriptions,4,4,HIGH,,,,DESC,DESC,,,,scrtp-2026-desc-current-projects,HIGH,PyMuPDF,1.28.2,"{""balancing_authority_normalized"":{""notes"":null,""origin"":""deterministic_rule"",""rule_id"":""scrtp_desc_utility_v1"",""source_fields"":[""source""]},""endpoint_candidates"":{""notes"":""Text candidates only; no geocoding or entity resolution applied."",""origin"":""derived_from_source"",""rule_id"":""location_candidates_v1"",""source_fields"":[""project_name_raw""]},""in_service_year"":{""notes"":null,""origin"":""derived_from_source"",""rule_id"":""scrtp_desc_date_year_v1"",""source_fields"":[""planned_in_service_date_raw""]},""length_miles"":{""notes"":""Values are preserved independently and are not summed."",""origin"":""derived_from_source"",""rule_id"":""length_miles_v1"",""source_fields"":[""description_raw""]},""location_mentions"":{""notes"":""Text candidates only; no geocoding or entity resolution applied."",""origin"":""derived_from_source"",""rule_id"":""location_candidates_v1"",""source_fields"":[""project_name_raw""]},""project_name_normalized"":{""notes"":null,""origin"":""normalized"",""rule_id"":""project_name_v1"",""source_fields"":[""project_name_raw""]},""project_type"":{""notes"":null,""origin"":""deterministic_rule"",""rule_id"":""project_type_rules_v1"",""source_fields"":[""project_name_raw"",""description_raw""]},""voltage_kv"":{""notes"":null,""origin"":""derived_from_source"",""rule_id"":""voltage_kv_v1"",""source_fields"":[""project_name_raw"",""description_raw"",""supporting_statement_raw""]}}",[13.5],"[""13.5 miles""]",,scrtp_desc_current_v1,0.1.0,2026,5,5,6809 N,Grid hardening.,HIGH,project_type_rules_v1,,"Project 5 of 54
Dominion Energy South Carolina
Planned Transmission Projects $2M and above Total
5 Year Budget
Batesburg - Saluda County 115kV: Rebuild
Project ID
6809 N
Project Description
Rebuild 13.5 miles of conductor.
Project Need
Grid hardening.
Project Status
In Progress
Planned In-Service Date
06/31/2026
Estimated Project Cost
Previous 2026 2027 2028 2029 2030 Total
$12,223,765 $817,000 $0 $0 $0 $0 $13,040,765",scrtp,e98bfeb86f2263f790f95f3510a9ab1e1b128c47e4ae633b8ccd27bedfea9b26,Grid hardening.,[],valid,[]
scrtp-desc-2026-580489b3325c66a1a3c7,DESC,Burton-St Helena 115kV: Rebuild Frogmore Distribution – St. Helena Section,Burton-St Helena 115kV: Rebuild Frogmore Distribution - St. Helena Section,line_rebuild,Replace wooden structures with Self Supporting Steel Structures and restring with 1272 ACSR conductor for the Frogmore Transmission – St. Helena section.,"[""115kV""]",[115.0],In Progress,12/31/2027,12/31/2027,2027,,"Previous 2026 2027 2028 2029 2030 Total $3,259,932 $3,800,000 $11,070,000 $0 $0 $0 $18,129,932",18129932,[],[],https://www.scrtp.com/assets/pdfs/home/2026-2030-2million-and-above-project-descriptions.pdf,DESC 2026-2030 $2 Million and Above Project Descriptions,20,20,HIGH,,,,DESC,DESC,,,,scrtp-2026-desc-current-projects,HIGH,PyMuPDF,1.28.2,"{""balancing_authority_normalized"":{""notes"":null,""origin"":""deterministic_rule"",""rule_id"":""scrtp_desc_utility_v1"",""source_fields"":[""source""]},""in_service_year"":{""notes"":null,""origin"":""derived_from_source"",""rule_id"":""scrtp_desc_date_year_v1"",""source_fields"":[""planned_in_service_date_raw""]},""project_name_normalized"":{""notes"":null,""origin"":""normalized"",""rule_id"":""project_name_v1"",""source_fields"":[""project_name_raw""]},""project_type"":{""notes"":null,""origin"":""deterministic_rule"",""rule_id"":""project_type_rules_v1"",""source_fields"":[""project_name_raw"",""description_raw""]},""voltage_kv"":{""notes"":null,""origin"":""derived_from_source"",""rule_id"":""voltage_kv_v1"",""source_fields"":[""project_name_raw"",""description_raw"",""supporting_statement_raw""]}}",[],[],,scrtp_desc_current_v1,0.1.0,2026,21,21,6808 L,This project is required to address end of life and reliability issues on these lines.,HIGH,project_type_rules_v1,,"Project 21 of 54
Dominion Energy South Carolina
Planned Transmission Projects $2M and above Total
5 Year Budget
Burton-St Helena 115kV: Rebuild Frogmore Distribution – St. Helena
Section
Project ID
6808 L
Project Description
Replace wooden structures with Self Supporting Steel Structures and restring with 1272 ACSR conductor
for the Frogmore Transmission – St. Helena section.
Project Need
This project is required to address end of life and reliability issues on these lines.
Project Status
In Progress
Planned In-Service Date
12/31/2027
Estimated Project Cost
Previous 2026 2027 2028 2029 2030 Total
$3,259,932 $3,800,000 $11,070,000 $0 $0 $0 $18,129,932",scrtp,e98bfeb86f2263f790f95f3510a9ab1e1b128c47e4ae633b8ccd27bedfea9b26,This project is required to address end of life and reliability issues on these lines.,[],valid,[]
scrtp-desc-2026-4c872ccba8939e35fac2,DESC,CAE Industrial Park - Springdale Sub 115kV: Replace Laminated Wood Polls.,CAE Industrial Park - Springdale Sub 115kV: Replace Laminated Wood Polls.,equipment_replacement,"There are 28 laminated wood poles on the CAE Industrial Park - Springdale Sub 115kV line, and 5 have been identified as ""rotten"" by OSMOSE inspections. Replace all 28 laminated wood poles.","[""115kV""]",[115.0],Planned,12/31/2028,12/31/2028,2028,,"Previous 2026 2027 2028 2029 2030 Total $0 $125,000 $1,700,000 $2,725,000 $0 $0 $4,450,000",4450000,"[""CAE Industrial Park"",""Springdale Sub""]","[""CAE Industrial Park"",""Springdale Sub""]",https://www.scrtp.com/assets/pdfs/home/2026-2030-2million-and-above-project-descriptions.pdf,DESC 2026-2030 $2 Million and Above Project Descriptions,41,41,HIGH,,,,DESC,DESC,,,,scrtp-2026-desc-current-projects,HIGH,PyMuPDF,1.28.2,"{""balancing_authority_normalized"":{""notes"":null,""origin"":""deterministic_rule"",""rule_id"":""scrtp_desc_utility_v1"",""source_fields"":[""source""]},""endpoint_candidates"":{""notes"":""Text candidates only; no geocoding or entity resolution applied."",""origin"":""derived_from_source"",""rule_id"":""location_candidates_v1"",""source_fields"":[""project_name_raw""]},""in_service_year"":{""notes"":null,""origin"":""derived_from_source"",""rule_id"":""scrtp_desc_date_year_v1"",""source_fields"":[""planned_in_service_date_raw""]},""location_mentions"":{""notes"":""Text candidates only; no geocoding or entity resolution applied."",""origin"":""derived_from_source"",""rule_id"":""location_candidates_v1"",""source_fields"":[""project_name_raw""]},""project_name_normalized"":{""notes"":null,""origin"":""normalized"",""rule_id"":""project_name_v1"",""source_fields"":[""project_name_raw""]},""project_type"":{""notes"":null,""origin"":""deterministic_rule"",""rule_id"":""project_type_rules_v1"",""source_fields"":[""project_name_raw"",""description_raw""]},""voltage_kv"":{""notes"":null,""origin"":""derived_from_source"",""rule_id"":""voltage_kv_v1"",""source_fields"":[""project_name_raw"",""description_raw"",""supporting_statement_raw""]}}",[],[],,scrtp_desc_current_v1,0.1.0,2026,42,42,6809 R,System Hardening,HIGH,project_type_rules_v1,,"Project 42 of 54
Dominion Energy South Carolina
Planned Transmission Projects $2M and above Total
5 Year Budget
CAE Industrial Park - Springdale Sub 115kV: Replace Laminated Wood
Polls.
Project ID
6809 R
Project Description
There are 28 laminated wood poles on the CAE Industrial Park - Springdale Sub 115kV line, and 5
have been identified as ""rotten"" by OSMOSE inspections. Replace all 28 laminated wood poles.
Project Need
System Hardening
Project Status
Planned
Planned In-Service Date
12/31/2028
Estimated Project Cost
Previous 2026 2027 2028 2029 2030 Total
$0 $125,000 $1,700,000 $2,725,000 $0 $0 $4,450,000",scrtp,e98bfeb86f2263f790f95f3510a9ab1e1b128c47e4ae633b8ccd27bedfea9b26,System Hardening,[],valid,[]
scrtp-desc-2026-9b5c3fa9b64a36b4c27d,DESC,Cainhoy - Hamlin 115kV: Rebuild Line and Cainhoy – Hamlin 115 kV #2: Construct New 115 kV Line,Cainhoy - Hamlin 115kV: Rebuild Line and Cainhoy - Hamlin 115 kV #2: Construct New 115 kV Line,line_rebuild,"Upgrade the 954 ACSR portion of the Cainhoy – Hamlin 115 kV line to B795 ACSR conductor, construct a new Cainhoy – Hamlin 115 kV #2 line, add terminals to Cainhoy and Hamlin sub to accommodate upgrades.","[""115kV"",""115 kV""]",[115.0],In Progress,12/02/26,12/02/26,2026,,"Previous 2026 2027 2028 2029 2030 Total $15,658,628 $25,200,000 $0 $0 $0 $0 $40,858,628",40858628,"[""Cainhoy"",""Hamlin""]","[""Cainhoy"",""Hamlin""]",https://www.scrtp.com/assets/pdfs/home/2026-2030-2million-and-above-project-descriptions.pdf,DESC 2026-2030 $2 Million and Above Project Descriptions,8,8,HIGH,,,,DESC,DESC,,,,scrtp-2026-desc-current-projects,HIGH,PyMuPDF,1.28.2,"{""balancing_authority_normalized"":{""notes"":null,""origin"":""deterministic_rule"",""rule_id"":""scrtp_desc_utility_v1"",""source_fields"":[""source""]},""endpoint_candidates"":{""notes"":""Text candidates only; no geocoding or entity resolution applied."",""origin"":""derived_from_source"",""rule_id"":""location_candidates_v1"",""source_fields"":[""project_name_raw""]},""in_service_year"":{""notes"":null,""origin"":""derived_from_source"",""rule_id"":""scrtp_desc_date_year_v1"",""source_fields"":[""planned_in_service_date_raw""]},""location_mentions"":{""notes"":""Text candidates only; no geocoding or entity resolution applied."",""origin"":""derived_from_source"",""rule_id"":""location_candidates_v1"",""source_fields"":[""project_name_raw""]},""project_name_normalized"":{""notes"":null,""origin"":""normalized"",""rule_id"":""project_name_v1"",""source_fields"":[""project_name_raw""]},""project_type"":{""notes"":null,""origin"":""deterministic_rule"",""rule_id"":""project_type_rules_v1"",""source_fields"":[""project_name_raw"",""description_raw""]},""voltage_kv"":{""notes"":null,""origin"":""derived_from_source"",""rule_id"":""voltage_kv_v1"",""source_fields"":[""project_name_raw"",""description_raw"",""supporting_statement_raw""]}}",[],[],,scrtp_desc_current_v1,0.1.0,2026,9,9,6341 A-F,This project is required due to load growth in the Mount Pleasant area and to meet NERC TPL and internal DESC Planning criteria.,HIGH,project_type_rules_v1,,"Project 9 of 54
Dominion Energy South Carolina
Planned Transmission Projects $2M and above Total
5 Year Budget
Cainhoy - Hamlin 115kV: Rebuild Line and Cainhoy – Hamlin 115 kV #2:
Construct New 115 kV Line
Project ID
6341 A-F
Project Description
Upgrade the 954 ACSR portion of the Cainhoy – Hamlin 115 kV line to B795 ACSR conductor, construct a
new Cainhoy – Hamlin 115 kV #2 line, add terminals to Cainhoy and Hamlin sub to accommodate
upgrades.
Project Need
This project is required due to load growth in the Mount Pleasant area and to meet NERC TPL and
internal DESC Planning criteria.
Project Status
In Progress
Planned In-Service Date
12/02/26
Estimated Project Cost
Previous 2026 2027 2028 2029 2030 Total
$15,658,628 $25,200,000 $0 $0 $0 $0 $40,858,628",scrtp,e98bfeb86f2263f790f95f3510a9ab1e1b128c47e4ae633b8ccd27bedfea9b26,This project is required due to load growth in the Mount Pleasant area and to meet NERC TPL and internal DESC Planning criteria.,[],valid,[]
scrtp-desc-2026-e24119ec3a7bdb72a697,DESC,Calhoun County - North 46 kV Rebuild,Calhoun County - North 46 kV Rebuild,line_rebuild,System Hardening project – Rebuilding the 46 kV line between North and Calhoun County. 9.5 miles,"[""46 kV""]",[46.0],Planned,12/31/2029,12/31/2029,2029,,"Previous 2026 2027 2028 2029 2030 Total $0 $0 $100,000 $200,000 $9,900,000 $0 $10,200,000",10200000,"[""Calhoun County"",""North""]","[""Calhoun County"",""North""]",https://www.scrtp.com/assets/pdfs/home/2026-2030-2million-and-above-project-descriptions.pdf,DESC 2026-2030 $2 Million and Above Project Descriptions,49,49,HIGH,,,,DESC,DESC,,,,scrtp-2026-desc-current-projects,HIGH,PyMuPDF,1.28.2,"{""balancing_authority_normalized"":{""notes"":null,""origin"":""deterministic_rule"",""rule_id"":""scrtp_desc_utility_v1"",""source_fields"":[""source""]},""endpoint_candidates"":{""notes"":""Text candidates only; no geocoding or entity resolution applied."",""origin"":""derived_from_source"",""rule_id"":""location_candidates_v1"",""source_fields"":[""project_name_raw""]},""in_service_year"":{""notes"":null,""origin"":""derived_from_source"",""rule_id"":""scrtp_desc_date_year_v1"",""source_fields"":[""planned_in_service_date_raw""]},""length_miles"":{""notes"":""Values are preserved independently and are not summed."",""origin"":""derived_from_source"",""rule_id"":""length_miles_v1"",""source_fields"":[""description_raw""]},""location_mentions"":{""notes"":""Text candidates only; no geocoding or entity resolution applied."",""origin"":""derived_from_source"",""rule_id"":""location_candidates_v1"",""source_fields"":[""project_name_raw""]},""project_name_normalized"":{""notes"":null,""origin"":""normalized"",""rule_id"":""project_name_v1"",""source_fields"":[""project_name_raw""]},""project_type"":{""notes"":null,""origin"":""deterministic_rule"",""rule_id"":""project_type_rules_v1"",""source_fields"":[""project_name_raw"",""description_raw""]},""voltage_kv"":{""notes"":null,""origin"":""derived_from_source"",""rule_id"":""voltage_kv_v1"",""source_fields"":[""project_name_raw"",""description_raw"",""supporting_statement_raw""]}}",[9.5],"[""9.5 miles""]",,scrtp_desc_current_v1,0.1.0,2026,50,50,6810 N,System Hardening,HIGH,project_type_rules_v1,,"Project 50 of 54
Dominion Energy South Carolina
Planned Transmission Projects $2M and above Total
5 Year Budget
Calhoun County - North 46 kV Rebuild
Project ID
6810 N
Project Description
System Hardening project – Rebuilding the 46 kV line between North and Calhoun County. 9.5 miles
Project Need
System Hardening
Project Status
Planned
Planned In-Service Date
12/31/2029
Estimated Project Cost
Previous 2026 2027 2028 2029 2030 Total
$0 $0 $100,000 $200,000 $9,900,000 $0 $10,200,000",scrtp,e98bfeb86f2263f790f95f3510a9ab1e1b128c47e4ae633b8ccd27bedfea9b26,System Hardening,[],valid,[]
scrtp-desc-2026-2bdbe589065850b2bf7b,DESC,Cameron Jct – Cameron – St Matthews 46 kV Rebuild,Cameron Jct - Cameron - St Matthews 46 kV Rebuild,line_rebuild,Rebuilding the 46 kV line between Cameron Jct and St Matthews. 9.8 miles.,"[""46 kV""]",[46.0],Planned,12/31/2028,12/31/2028,2028,,"Previous 2026 2027 2028 2029 2030 Total $0 $175,000 $100,000 $11,425,000 $0 $0 $11,700,000",11700000,[],[],https://www.scrtp.com/assets/pdfs/home/2026-2030-2million-and-above-project-descriptions.pdf,DESC 2026-2030 $2 Million and Above Project Descriptions,39,39,HIGH,,,,DESC,DESC,,,,scrtp-2026-desc-current-projects,HIGH,PyMuPDF,1.28.2,"{""balancing_authority_normalized"":{""notes"":null,""origin"":""deterministic_rule"",""rule_id"":""scrtp_desc_utility_v1"",""source_fields"":[""source""]},""in_service_year"":{""notes"":null,""origin"":""derived_from_source"",""rule_id"":""scrtp_desc_date_year_v1"",""source_fields"":[""planned_in_service_date_raw""]},""length_miles"":{""notes"":""Values are preserved independently and are not summed."",""origin"":""derived_from_source"",""rule_id"":""length_miles_v1"",""source_fields"":[""description_raw""]},""project_name_normalized"":{""notes"":null,""origin"":""normalized"",""rule_id"":""project_name_v1"",""source_fields"":[""project_name_raw""]},""project_type"":{""notes"":null,""origin"":""deterministic_rule"",""rule_id"":""project_type_rules_v1"",""source_fields"":[""project_name_raw"",""description_raw""]},""voltage_kv"":{""notes"":null,""origin"":""derived_from_source"",""rule_id"":""voltage_kv_v1"",""source_fields"":[""project_name_raw"",""description_raw"",""supporting_statement_raw""]}}",[9.8],"[""9.8 miles""]",,scrtp_desc_current_v1,0.1.0,2026,40,40,6810 T,System hardening.,HIGH,project_type_rules_v1,,"Project 40 of 54
Dominion Energy South Carolina
Planned Transmission Projects $2M and above Total
5 Year Budget
Cameron Jct – Cameron – St Matthews 46 kV Rebuild
Project ID
6810 T
Project Description
Rebuilding the 46 kV line between Cameron Jct and St Matthews. 9.8 miles.
Project Need
System hardening.
Project Status
Planned
Planned In-Service Date
12/31/2028
Estimated Project Cost
Previous 2026 2027 2028 2029 2030 Total
$0 $175,000 $100,000 $11,425,000 $0 $0 $11,700,000",scrtp,e98bfeb86f2263f790f95f3510a9ab1e1b128c47e4ae633b8ccd27bedfea9b26,System hardening.,[],valid,[]
scrtp-desc-2026-01721fe441d77ed53511,DESC,Cameron Jct – Elloree 46 kV Rebuild,Cameron Jct - Elloree 46 kV Rebuild,line_rebuild,Rebuilding the Cameron Jct – Elloree 46 kV Line. 7.3 miles.,"[""46 kV""]",[46.0],Planned,12/31/2027,12/31/2027,2027,,"Previous 2026 2027 2028 2029 2030 Total $125,000 $100,000 $7,850,000 $0 $0 $0 $8,075,000",8075000,[],[],https://www.scrtp.com/assets/pdfs/home/2026-2030-2million-and-above-project-descriptions.pdf,DESC 2026-2030 $2 Million and Above Project Descriptions,22,22,HIGH,,,,DESC,DESC,,,,scrtp-2026-desc-current-projects,HIGH,PyMuPDF,1.28.2,"{""balancing_authority_normalized"":{""notes"":null,""origin"":""deterministic_rule"",""rule_id"":""scrtp_desc_utility_v1"",""source_fields"":[""source""]},""in_service_year"":{""notes"":null,""origin"":""derived_from_source"",""rule_id"":""scrtp_desc_date_year_v1"",""source_fields"":[""planned_in_service_date_raw""]},""length_miles"":{""notes"":""Values are preserved independently and are not summed."",""origin"":""derived_from_source"",""rule_id"":""length_miles_v1"",""source_fields"":[""description_raw""]},""project_name_normalized"":{""notes"":null,""origin"":""normalized"",""rule_id"":""project_name_v1"",""source_fields"":[""project_name_raw""]},""project_type"":{""notes"":null,""origin"":""deterministic_rule"",""rule_id"":""project_type_rules_v1"",""source_fields"":[""project_name_raw"",""description_raw""]},""voltage_kv"":{""notes"":null,""origin"":""derived_from_source"",""rule_id"":""voltage_kv_v1"",""source_fields"":[""project_name_raw"",""description_raw"",""supporting_statement_raw""]}}",[7.3],"[""7.3 miles""]",,scrtp_desc_current_v1,0.1.0,2026,23,23,6810 U,System hardening,HIGH,project_type_rules_v1,,"Project 23 of 54
Dominion Energy South Carolina
Planned Transmission Projects $2M and above Total
5 Year Budget
Cameron Jct – Elloree 46 kV Rebuild
Project ID
6810 U
Project Description
Rebuilding the Cameron Jct – Elloree 46 kV Line. 7.3 miles.
Project Need
System hardening
Project Status
Planned
Planned In-Service Date
12/31/2027
Estimated Project Cost
Previous 2026 2027 2028 2029 2030 Total
$125,000 $100,000 $7,850,000 $0 $0 $0 $8,075,000",scrtp,e98bfeb86f2263f790f95f3510a9ab1e1b128c47e4ae633b8ccd27bedfea9b26,System hardening,[],valid,[]
scrtp-desc-2026-1abfb289467fdf34ea99,DESC,Canadys-Ritter 115KV: Rebuild SPDC 230/115KV 1272 (Approx 18 Miles),Canadys-Ritter 115KV: Rebuild SPDC 230/115KV 1272 (Approx 18 Miles),line_rebuild,Rebuild Canadys-Ritter 115 kV line as SPDC with 1272 ACSR. Project includes the rebuild of the Canadys - Ritter 115kV only. No 230kV work associated with this project. 17.5 miles,"[""115KV"",""230/115KV"",""115 kV"",""115kV"",""230kV""]","[115.0,230.0]",In Progress,6/1/2029,6/1/2029,2029,,"Previous 2026 2027 2028 2029 2030 Total $1,038,795 $500,000 $0 $11,875,000 $14,708,000 $0 $38,121,795",38121795,[],[],https://www.scrtp.com/assets/pdfs/home/2026-2030-2million-and-above-project-descriptions.pdf,DESC 2026-2030 $2 Million and Above Project Descriptions,43,43,HIGH,,,,DESC,DESC,,,,scrtp-2026-desc-current-projects,HIGH,PyMuPDF,1.28.2,"{""balancing_authority_normalized"":{""notes"":null,""origin"":""deterministic_rule"",""rule_id"":""scrtp_desc_utility_v1"",""source_fields"":[""source""]},""in_service_year"":{""notes"":null,""origin"":""derived_from_source"",""rule_id"":""scrtp_desc_date_year_v1"",""source_fields"":[""planned_in_service_date_raw""]},""length_miles"":{""notes"":""Values are preserved independently and are not summed."",""origin"":""derived_from_source"",""rule_id"":""length_miles_v1"",""source_fields"":[""description_raw""]},""project_name_normalized"":{""notes"":null,""origin"":""normalized"",""rule_id"":""project_name_v1"",""source_fields"":[""project_name_raw""]},""project_type"":{""notes"":null,""origin"":""deterministic_rule"",""rule_id"":""project_type_rules_v1"",""source_fields"":[""project_name_raw"",""description_raw""]},""voltage_kv"":{""notes"":null,""origin"":""derived_from_source"",""rule_id"":""voltage_kv_v1"",""source_fields"":[""project_name_raw"",""description_raw"",""supporting_statement_raw""]}}",[17.5],"[""17.5 miles""]",,scrtp_desc_current_v1,0.1.0,2026,44,44,06076 A,Growth Customer Commitment Transmission Line Design,HIGH,project_type_rules_v1,,"Project 44 of 54
Dominion Energy South Carolina
Planned Transmission Projects $2M and above Total
5 Year Budget
Canadys-Ritter 115KV: Rebuild SPDC 230/115KV 1272 (Approx 18
Miles)
Project ID
06076 A
Project Description
Rebuild Canadys-Ritter 115 kV line as SPDC with 1272 ACSR. Project includes the rebuild of the Canadys
- Ritter 115kV only. No 230kV work associated with this project.
17.5 miles
Project Need
Growth Customer Commitment Transmission Line Design
Project Status
In Progress
Planned In-Service Date
6/1/2029
Estimated Project Cost
Previous 2026 2027 2028 2029 2030 Total
$1,038,795 $500,000 $0 $11,875,000 $14,708,000 $0 $38,121,795",scrtp,e98bfeb86f2263f790f95f3510a9ab1e1b128c47e4ae633b8ccd27bedfea9b26,Growth Customer Commitment Transmission Line Design,[],valid,[]
scrtp-desc-2026-46820ad9c5762567112e,DESC,Church Creek – Dawson 230 kV: Rebuild from Long Savannah to Dawson,Church Creek - Dawson 230 kV: Rebuild from Long Savannah to Dawson,line_rebuild,"Rebuild Dawson – Long Savannah 230kV Line SPSC B1272 (Designed SPDC B1272). Approximately 13.6 miles. 6869C includes rebuild from Long Savannah – Church Creek 230kV (3.0 miles). For 8 miles (Dawson – Mateeba), include the rebuild of Dawson – Faber Place SPSC B1272 (Designed SPDC B1272)","[""230 kV"",""230kV""]",[230.0],Planned,12/31/2029,12/31/2029,2029,,"Previous 2026 2027 2028 2029 2030 Total $150,000 0 $175,000 $18,550,000 $23,500,000 $0 $42,375,000",42375000,[],[],https://www.scrtp.com/assets/pdfs/home/2026-2030-2million-and-above-project-descriptions.pdf,DESC 2026-2030 $2 Million and Above Project Descriptions,45,45,HIGH,,,,DESC,DESC,,,,scrtp-2026-desc-current-projects,HIGH,PyMuPDF,1.28.2,"{""balancing_authority_normalized"":{""notes"":null,""origin"":""deterministic_rule"",""rule_id"":""scrtp_desc_utility_v1"",""source_fields"":[""source""]},""in_service_year"":{""notes"":null,""origin"":""derived_from_source"",""rule_id"":""scrtp_desc_date_year_v1"",""source_fields"":[""planned_in_service_date_raw""]},""length_miles"":{""notes"":""Values are preserved independently and are not summed."",""origin"":""derived_from_source"",""rule_id"":""length_miles_v1"",""source_fields"":[""description_raw""]},""project_name_normalized"":{""notes"":null,""origin"":""normalized"",""rule_id"":""project_name_v1"",""source_fields"":[""project_name_raw""]},""project_type"":{""notes"":null,""origin"":""deterministic_rule"",""rule_id"":""project_type_rules_v1"",""source_fields"":[""project_name_raw"",""description_raw""]},""voltage_kv"":{""notes"":null,""origin"":""derived_from_source"",""rule_id"":""voltage_kv_v1"",""source_fields"":[""project_name_raw"",""description_raw"",""supporting_statement_raw""]}}","[13.6,3.0,8.0]","[""13.6 miles"",""3.0 miles"",""8 miles""]",,scrtp_desc_current_v1,0.1.0,2026,46,46,6877 A,Growth Load Transmission Line Design,HIGH,project_type_rules_v1,,"Project 46 of 54
Dominion Energy South Carolina
Planned Transmission Projects $2M and above Total
5 Year Budget
Church Creek – Dawson 230 kV: Rebuild from Long Savannah to Dawson
Project ID
6877 A
Project Description
Rebuild Dawson – Long Savannah 230kV Line SPSC B1272 (Designed SPDC B1272). Approximately 13.6
miles. 6869C includes rebuild from Long Savannah – Church Creek 230kV (3.0 miles). For 8 miles
(Dawson – Mateeba), include the rebuild of Dawson – Faber Place SPSC B1272 (Designed SPDC B1272)
Project Need
Growth Load Transmission Line Design
Project Status
Planned
Planned In-Service Date
12/31/2029
Estimated Project Cost
Previous 2026 2027 2028 2029 2030 Total
$150,000 0 $175,000 $18,550,000 $23,500,000 $0 $42,375,000",scrtp,e98bfeb86f2263f790f95f3510a9ab1e1b128c47e4ae633b8ccd27bedfea9b26,Growth Load Transmission Line Design,[],valid,[]
scrtp-desc-2026-62cca916e3889b16667d,DESC,Church Creek – Faber Place – Charleston Transmission: Add 230kV Line,Church Creek - Faber Place - Charleston Transmission: Add 230kV Line,new_construction,"Construct a 230 kV transmission line from Church Creek to Charleston Transmission. The Church Creek – Faber Place 230kV and 115kV lines will be rebuilt, and a 230kV line will be added between Faber Place and Charleston Transmission. Add 230/115kV transformer at Charleston Transmission. Add/upgrade terminals and bus work at impacted substations.","[""230kV"",""230 kV"",""115kV"",""230/115kV""]","[230.0,115.0]",In Progress,5/1/2027,5/1/2027,2027,,"Previous 2026 2027 2028 2029 2030 Total $9,586,174 $9,867,000 $3,335,000 $5,617,468 $0 $0 $22,788,174",22788174,[],[],https://www.scrtp.com/assets/pdfs/home/2026-2030-2million-and-above-project-descriptions.pdf,DESC 2026-2030 $2 Million and Above Project Descriptions,15,15,HIGH,,,,DESC,DESC,,,,scrtp-2026-desc-current-projects,HIGH,PyMuPDF,1.28.2,"{""balancing_authority_normalized"":{""notes"":null,""origin"":""deterministic_rule"",""rule_id"":""scrtp_desc_utility_v1"",""source_fields"":[""source""]},""in_service_year"":{""notes"":null,""origin"":""derived_from_source"",""rule_id"":""scrtp_desc_date_year_v1"",""source_fields"":[""planned_in_service_date_raw""]},""project_name_normalized"":{""notes"":null,""origin"":""normalized"",""rule_id"":""project_name_v1"",""source_fields"":[""project_name_raw""]},""project_type"":{""notes"":null,""origin"":""deterministic_rule"",""rule_id"":""project_type_rules_v1"",""source_fields"":[""project_name_raw"",""description_raw""]},""voltage_kv"":{""notes"":null,""origin"":""derived_from_source"",""rule_id"":""voltage_kv_v1"",""source_fields"":[""project_name_raw"",""description_raw"",""supporting_statement_raw""]}}",[],[],,scrtp_desc_current_v1,0.1.0,2026,16,16,6847,This project is needed to improve system performance and to meet NERC TPL and internal DESC Planning Criteria for reliability.,HIGH,project_type_rules_v1,,"Project 16 of 54
Dominion Energy South Carolina
Planned Transmission Projects $2M and above Total
5 Year Budget
Church Creek – Faber Place – Charleston Transmission: Add 230kV Line
Project ID
6847
Project Description
Construct a 230 kV transmission line from Church Creek to Charleston Transmission. The Church Creek –
Faber Place 230kV and 115kV lines will be rebuilt, and a 230kV line will be added between Faber Place
and Charleston Transmission. Add 230/115kV transformer at Charleston Transmission. Add/upgrade
terminals and bus work at impacted substations.
Project Need
This project is needed to improve system performance and to meet NERC TPL and internal DESC
Planning Criteria for reliability.
Project Status
In Progress
Planned In-Service Date
5/1/2027
Estimated Project Cost
Previous 2026 2027 2028 2029 2030 Total
$9,586,174 $9,867,000 $3,335,000 $5,617,468 $0 $0 $22,788,174",scrtp,e98bfeb86f2263f790f95f3510a9ab1e1b128c47e4ae633b8ccd27bedfea9b26,This project is needed to improve system performance and to meet NERC TPL and internal DESC Planning Criteria for reliability.,[],valid,[]
scrtp-desc-2026-682690d31529ada3413c,DESC,Church Creek - Ritter 230kV - Replace 38 Large Angles and Dead Ends,Church Creek - Ritter 230kV - Replace 38 Large Angles and Dead Ends,equipment_replacement,"Replacing approximately 38 guyed wooden structures due to recent failures in the fiberglass strain insulators along this line. Structures to be changed out are dead ends/large angles. We will also be adding a few in-line dead ends where there are tangents runs of greater than 15,000'. Replacement structures will be designed for B-1272 ACSR and be offset such that a future circuit could be added along this alignment. Estimated STRs to Replace: 38 structures total. 28 concrete foundations and 10 vibratory caisson foundations.","[""230kV""]",[230.0],In Progress,12/31/2028,12/31/2028,2028,,"Previous 2026 2027 2028 2029 2030 Total $4,412,330 $12,000 $0 $7,000,000 $0 $0 $11,424,330",11424330,"[""Church Creek"",""Ritter""]","[""Church Creek"",""Ritter""]",https://www.scrtp.com/assets/pdfs/home/2026-2030-2million-and-above-project-descriptions.pdf,DESC 2026-2030 $2 Million and Above Project Descriptions,31,31,HIGH,,,,DESC,DESC,,,,scrtp-2026-desc-current-projects,HIGH,PyMuPDF,1.28.2,"{""balancing_authority_normalized"":{""notes"":null,""origin"":""deterministic_rule"",""rule_id"":""scrtp_desc_utility_v1"",""source_fields"":[""source""]},""endpoint_candidates"":{""notes"":""Text candidates only; no geocoding or entity resolution applied."",""origin"":""derived_from_source"",""rule_id"":""location_candidates_v1"",""source_fields"":[""project_name_raw""]},""in_service_year"":{""notes"":null,""origin"":""derived_from_source"",""rule_id"":""scrtp_desc_date_year_v1"",""source_fields"":[""planned_in_service_date_raw""]},""location_mentions"":{""notes"":""Text candidates only; no geocoding or entity resolution applied."",""origin"":""derived_from_source"",""rule_id"":""location_candidates_v1"",""source_fields"":[""project_name_raw""]},""project_name_normalized"":{""notes"":null,""origin"":""normalized"",""rule_id"":""project_name_v1"",""source_fields"":[""project_name_raw""]},""project_type"":{""notes"":null,""origin"":""deterministic_rule"",""rule_id"":""project_type_rules_v1"",""source_fields"":[""project_name_raw"",""description_raw""]},""voltage_kv"":{""notes"":null,""origin"":""derived_from_source"",""rule_id"":""voltage_kv_v1"",""source_fields"":[""project_name_raw"",""description_raw"",""supporting_statement_raw""]}}",[],[],,scrtp_desc_current_v1,0.1.0,2026,32,32,06372 A,System Hardening,HIGH,project_type_rules_v1,,"Project 32 of 54
Dominion Energy South Carolina
Planned Transmission Projects $2M and above Total
5 Year Budget
Church Creek - Ritter 230kV - Replace 38 Large Angles and Dead Ends
Project ID
06372 A
Project Description
Replacing approximately 38 guyed wooden structures due to recent failures in the fiberglass strain
insulators along this line. Structures to be changed out are dead ends/large angles. We will also be
adding a few in-line dead ends where there are tangents runs of greater than 15,000'. Replacement
structures will be designed for B-1272 ACSR and be offset such that a future circuit could be added along
this alignment.
Estimated STRs to Replace:
38 structures total. 28 concrete foundations and 10 vibratory caisson foundations.
Project Need
System Hardening
Project Status
In Progress
Planned In-Service Date
12/31/2028
Estimated Project Cost
Previous 2026 2027 2028 2029 2030 Total
$4,412,330 $12,000 $0 $7,000,000 $0 $0 $11,424,330",scrtp,e98bfeb86f2263f790f95f3510a9ab1e1b128c47e4ae633b8ccd27bedfea9b26,System Hardening,[],valid,[]
scrtp-desc-2026-8b260462f73fb187efb7,DESC,Clements Ferry Rd Sub: 115kV Tap from Cainhoy,Clements Ferry Rd Sub: 115kV Tap from Cainhoy,new_construction,Construct a 115 kV tap from Cainhoy to Clements Ferry. Approximately 2.8 miles. Construct terminal at Cainhoy.,"[""115kV"",""115 kV""]",[115.0],Planned,12/31/2031,12/31/2031,2031,,"Previous 2026 2027 2028 2029 2030 Total $0 $0 $0 $00 $250,000 $9,500,000 $9,750,000",9750000,[],[],https://www.scrtp.com/assets/pdfs/home/2026-2030-2million-and-above-project-descriptions.pdf,DESC 2026-2030 $2 Million and Above Project Descriptions,52,52,HIGH,,,,DESC,DESC,,,,scrtp-2026-desc-current-projects,HIGH,PyMuPDF,1.28.2,"{""balancing_authority_normalized"":{""notes"":null,""origin"":""deterministic_rule"",""rule_id"":""scrtp_desc_utility_v1"",""source_fields"":[""source""]},""in_service_year"":{""notes"":null,""origin"":""derived_from_source"",""rule_id"":""scrtp_desc_date_year_v1"",""source_fields"":[""planned_in_service_date_raw""]},""length_miles"":{""notes"":""Values are preserved independently and are not summed."",""origin"":""derived_from_source"",""rule_id"":""length_miles_v1"",""source_fields"":[""description_raw""]},""project_name_normalized"":{""notes"":null,""origin"":""normalized"",""rule_id"":""project_name_v1"",""source_fields"":[""project_name_raw""]},""project_type"":{""notes"":null,""origin"":""deterministic_rule"",""rule_id"":""project_type_rules_v1"",""source_fields"":[""project_name_raw"",""description_raw""]},""voltage_kv"":{""notes"":null,""origin"":""derived_from_source"",""rule_id"":""voltage_kv_v1"",""source_fields"":[""project_name_raw"",""description_raw"",""supporting_statement_raw""]}}",[2.8],"[""2.8 miles""]",,scrtp_desc_current_v1,0.1.0,2026,53,53,0147 A-I,Load growth.,HIGH,project_type_rules_v1,,"Project 53 of 54
Dominion Energy South Carolina
Planned Transmission Projects $2M and above Total
5 Year Budget
Clements Ferry Rd Sub: 115kV Tap from Cainhoy
Project ID
0147 A-I
Project Description
Construct a 115 kV tap from Cainhoy to Clements Ferry. Approximately 2.8 miles. Construct terminal at
Cainhoy.
Project Need
Load growth.
Project Status
Planned
Planned In-Service Date
12/31/2031
Estimated Project Cost
Previous 2026 2027 2028 2029 2030 Total
$0 $0 $0 $00 $250,000 $9,500,000 $9,750,000",scrtp,e98bfeb86f2263f790f95f3510a9ab1e1b128c47e4ae633b8ccd27bedfea9b26,Load growth.,[],valid,[]
scrtp-desc-2026-55ca5129e792a0ffac5a,DESC,Coast Guard 115kV Substation and Tap: Construct,Coast Guard 115kV Substation and Tap: Construct,new_construction,Construct a 115-23.9kV substation at the Coast Guard substation site with 37.3MVA transformer and 4 feeder bays. There is room in the substation for a future transformer. Construct a 115kV transmission line between Clemson Wind Turbine & Coast Guard Sub. The Coast Guard Substation will be served radially from this new line.,"[""115kV"",""23.9kV""]","[115.0,23.9]",Planned,12/31/27,12/31/27,2027,,"Previous 2026 2027 2028 2029 2030 Total $0 $30,000 $4,680,000 $850,000 $0 $0 $5,560,000",5560000,[],[],https://www.scrtp.com/assets/pdfs/home/2026-2030-2million-and-above-project-descriptions.pdf,DESC 2026-2030 $2 Million and Above Project Descriptions,36,36,HIGH,,,,DESC,DESC,,,,scrtp-2026-desc-current-projects,HIGH,PyMuPDF,1.28.2,"{""balancing_authority_normalized"":{""notes"":null,""origin"":""deterministic_rule"",""rule_id"":""scrtp_desc_utility_v1"",""source_fields"":[""source""]},""in_service_year"":{""notes"":null,""origin"":""derived_from_source"",""rule_id"":""scrtp_desc_date_year_v1"",""source_fields"":[""planned_in_service_date_raw""]},""project_name_normalized"":{""notes"":null,""origin"":""normalized"",""rule_id"":""project_name_v1"",""source_fields"":[""project_name_raw""]},""project_type"":{""notes"":null,""origin"":""deterministic_rule"",""rule_id"":""project_type_rules_v1"",""source_fields"":[""project_name_raw"",""description_raw""]},""voltage_kv"":{""notes"":null,""origin"":""derived_from_source"",""rule_id"":""voltage_kv_v1"",""source_fields"":[""project_name_raw"",""description_raw"",""supporting_statement_raw""]}}",[],[],,scrtp_desc_current_v1,0.1.0,2026,37,37,"6842 C,D",Growth Load Transmission Line Design,HIGH,project_type_rules_v1,,"Project 37 of 54
Dominion Energy South Carolina
Planned Transmission Projects $2M and above Total
5 Year Budget
Coast Guard 115kV Substation and Tap: Construct
Project ID
6842 C,D
Project Description
Construct a 115-23.9kV substation at the Coast Guard substation site with 37.3MVA transformer and 4
feeder bays. There is room in the substation for a future transformer. Construct a 115kV transmission
line between Clemson Wind Turbine & Coast Guard Sub. The Coast Guard Substation will be served
radially from this new line.
Project Need
Growth Load Transmission Line Design
Project Status
Planned
Planned In-Service Date
12/31/27
Estimated Project Cost
Previous 2026 2027 2028 2029 2030 Total
$0 $30,000 $4,680,000 $850,000 $0 $0 $5,560,000",scrtp,e98bfeb86f2263f790f95f3510a9ab1e1b128c47e4ae633b8ccd27bedfea9b26,Growth Load Transmission Line Design,[],valid,[]
scrtp-desc-2026-1b30b2d7f1243af224a6,DESC,Coit – Gills Creek 115kV: Construct,Coit - Gills Creek 115kV: Construct,new_construction,Convert the existing Coit - Gills Creek 33 kV Line to 115 kV. Approximately 1.25 miles. Construct Gills Creek Terminal at Coit Bus #1.,"[""115kV"",""33 kV"",""115 kV""]","[115.0,33.0]",In Progress,12/31/2026,12/31/2026,2026,,"Previous 2026 2027 2028 2029 2030 Total $5,323,202 $450,000 $0 $0 $0 $0 $5,773,202",5773202,[],[],https://www.scrtp.com/assets/pdfs/home/2026-2030-2million-and-above-project-descriptions.pdf,DESC 2026-2030 $2 Million and Above Project Descriptions,9,9,HIGH,,,,DESC,DESC,,,,scrtp-2026-desc-current-projects,HIGH,PyMuPDF,1.28.2,"{""balancing_authority_normalized"":{""notes"":null,""origin"":""deterministic_rule"",""rule_id"":""scrtp_desc_utility_v1"",""source_fields"":[""source""]},""in_service_year"":{""notes"":null,""origin"":""derived_from_source"",""rule_id"":""scrtp_desc_date_year_v1"",""source_fields"":[""planned_in_service_date_raw""]},""length_miles"":{""notes"":""Values are preserved independently and are not summed."",""origin"":""derived_from_source"",""rule_id"":""length_miles_v1"",""source_fields"":[""description_raw""]},""project_name_normalized"":{""notes"":null,""origin"":""normalized"",""rule_id"":""project_name_v1"",""source_fields"":[""project_name_raw""]},""project_type"":{""notes"":null,""origin"":""deterministic_rule"",""rule_id"":""project_type_rules_v1"",""source_fields"":[""project_name_raw"",""description_raw""]},""voltage_kv"":{""notes"":null,""origin"":""derived_from_source"",""rule_id"":""voltage_kv_v1"",""source_fields"":[""project_name_raw"",""description_raw"",""supporting_statement_raw""]}}",[1.25],"[""1.25 miles""]",,scrtp_desc_current_v1,0.1.0,2026,10,10,5392 A-C,Load growth.,HIGH,project_type_rules_v1,,"Project 10 of 54
Dominion Energy South Carolina
Planned Transmission Projects $2M and above Total
5 Year Budget
Coit – Gills Creek 115kV: Construct
Project ID
5392 A-C
Project Description
Convert the existing Coit - Gills Creek 33 kV Line to 115 kV. Approximately 1.25 miles. Construct Gills
Creek Terminal at Coit Bus #1.
Project Need
Load growth.
Project Status
In Progress
Planned In-Service Date
12/31/2026
Estimated Project Cost
Previous 2026 2027 2028 2029 2030 Total
$5,323,202 $450,000 $0 $0 $0 $0 $5,773,202",scrtp,e98bfeb86f2263f790f95f3510a9ab1e1b128c47e4ae633b8ccd27bedfea9b26,Load growth.,[],valid,[]
scrtp-desc-2026-5f045dde1ccaf5f7d88e,DESC,Columbia Canal 115 kV: Rebuild,Columbia Canal 115 kV: Rebuild,line_rebuild,This is the DESC funded portion of the Columbia Canal project and encompasses replacing the poles on the Columbia side of the canal.,"[""115 kV""]",[115.0],In Progress,05/31/26,05/31/26,2026,,"Previous 2026 2027 2028 2029 2030 Total $150,364 $1,000,000 $0 $0 $0 $0 $1,150,364",1150364,[],[],https://www.scrtp.com/assets/pdfs/home/2026-2030-2million-and-above-project-descriptions.pdf,DESC 2026-2030 $2 Million and Above Project Descriptions,1,1,HIGH,,,,DESC,DESC,,,,scrtp-2026-desc-current-projects,HIGH,PyMuPDF,1.28.2,"{""balancing_authority_normalized"":{""notes"":null,""origin"":""deterministic_rule"",""rule_id"":""scrtp_desc_utility_v1"",""source_fields"":[""source""]},""in_service_year"":{""notes"":null,""origin"":""derived_from_source"",""rule_id"":""scrtp_desc_date_year_v1"",""source_fields"":[""planned_in_service_date_raw""]},""project_name_normalized"":{""notes"":null,""origin"":""normalized"",""rule_id"":""project_name_v1"",""source_fields"":[""project_name_raw""]},""project_type"":{""notes"":null,""origin"":""deterministic_rule"",""rule_id"":""project_type_rules_v1"",""source_fields"":[""project_name_raw"",""description_raw""]},""voltage_kv"":{""notes"":null,""origin"":""derived_from_source"",""rule_id"":""voltage_kv_v1"",""source_fields"":[""project_name_raw"",""description_raw"",""supporting_statement_raw""]}}",[],[],,scrtp_desc_current_v1,0.1.0,2026,2,2,02726 K,This project is required to address end of life and maintenance issues.,HIGH,project_type_rules_v1,,"Project 2 of 54
Dominion Energy South Carolina
Planned Transmission Projects $2M and above Total
5 Year Budget
Columbia Canal 115 kV: Rebuild
Project ID
02726 K
Project Description
This is the DESC funded portion of the Columbia Canal project and encompasses replacing the poles on
the Columbia side of the canal.
Project Need
This project is required to address end of life and maintenance issues.
Project Status
In Progress
Planned In-Service Date
05/31/26
Estimated Project Cost
Previous 2026 2027 2028 2029 2030 Total
$150,364 $1,000,000 $0 $0 $0 $0 $1,150,364",scrtp,e98bfeb86f2263f790f95f3510a9ab1e1b128c47e4ae633b8ccd27bedfea9b26,This project is required to address end of life and maintenance issues.,[],valid,[]
scrtp-desc-2026-4a7942c7cf9090d1615f,DESC,Dawson 230kV Sub and Fold-in: Construct and Rebuild,Dawson 230kV Sub and Fold-in: Construct and Rebuild,line_rebuild,Construct Dawson 230kV substation. Fold in the existing Canadys – Church Creek and Canadys – Faber Place 230kV lines at the Dawson 230kV substation (phase 1). Rebuild Canadys – Dawson 230kV #1 and #2 with B1272 ACSR (phase 2).,"[""230kV""]",[230.0],In Progress,10/1/2025 (phase 1) and 10/1/2026 (phase 2),10/1/2025 (phase 1) and 10/1/2026 (phase 2),,,"Previous 2026 2027 2028 2029 2030 Total $12,978,366 $40,860,000 $39,764,841 $0 $0 $0 $93,603,207",93603207,[],[],https://www.scrtp.com/assets/pdfs/home/2026-2030-2million-and-above-project-descriptions.pdf,DESC 2026-2030 $2 Million and Above Project Descriptions,7,7,HIGH,,,,DESC,DESC,,,,scrtp-2026-desc-current-projects,HIGH,PyMuPDF,1.28.2,"{""balancing_authority_normalized"":{""notes"":null,""origin"":""deterministic_rule"",""rule_id"":""scrtp_desc_utility_v1"",""source_fields"":[""source""]},""project_name_normalized"":{""notes"":null,""origin"":""normalized"",""rule_id"":""project_name_v1"",""source_fields"":[""project_name_raw""]},""project_type"":{""notes"":null,""origin"":""deterministic_rule"",""rule_id"":""project_type_rules_v1"",""source_fields"":[""project_name_raw"",""description_raw""]},""voltage_kv"":{""notes"":null,""origin"":""derived_from_source"",""rule_id"":""voltage_kv_v1"",""source_fields"":[""project_name_raw"",""description_raw"",""supporting_statement_raw""]}}",[],[],,scrtp_desc_current_v1,0.1.0,2026,8,8,6859,Load growth.,HIGH,project_type_rules_v1,,"Project 8 of 54
Dominion Energy South Carolina
Planned Transmission Projects $2M and above Total
5 Year Budget
Dawson 230kV Sub and Fold-in: Construct and Rebuild
Project ID
6859
Project Description
Construct Dawson 230kV substation. Fold in the existing Canadys – Church Creek and Canadys – Faber
Place 230kV lines at the Dawson 230kV substation (phase 1). Rebuild Canadys – Dawson 230kV #1 and
#2 with B1272 ACSR (phase 2).
Project Need
Load growth.
Project Status
In Progress
Planned In-Service Date
10/1/2025 (phase 1) and 10/1/2026 (phase 2)
Estimated Project Cost
Previous 2026 2027 2028 2029 2030 Total
$12,978,366 $40,860,000 $39,764,841 $0 $0 $0 $93,603,207",scrtp,e98bfeb86f2263f790f95f3510a9ab1e1b128c47e4ae633b8ccd27bedfea9b26,Load growth.,[],valid,[]
scrtp-desc-2026-0ebf87ad38523a768f7f,DESC,Eastover – Sumter 115kV DEP Tie: Rebuild with 1272 ACSR,Eastover - Sumter 115kV DEP Tie: Rebuild with 1272 ACSR,line_rebuild,Upgrade the DESC section (approx. 1 mile) of the tie line from 397.5 ACSR Ibis to 1272 ACSR.,"[""115kV""]",[115.0],In Progress,5/31/2026,5/31/2026,2026,,"Previous 2026 2027 2028 2029 2030 Total $88,443 $1,150,000 $850,000 $0 $0 $0 $1,238,443",1238443,[],[],https://www.scrtp.com/assets/pdfs/home/2026-2030-2million-and-above-project-descriptions.pdf,DESC 2026-2030 $2 Million and Above Project Descriptions,3,3,HIGH,,,,DESC,DESC,,,,scrtp-2026-desc-current-projects,HIGH,PyMuPDF,1.28.2,"{""balancing_authority_normalized"":{""notes"":null,""origin"":""deterministic_rule"",""rule_id"":""scrtp_desc_utility_v1"",""source_fields"":[""source""]},""in_service_year"":{""notes"":null,""origin"":""derived_from_source"",""rule_id"":""scrtp_desc_date_year_v1"",""source_fields"":[""planned_in_service_date_raw""]},""length_miles"":{""notes"":""Values are preserved independently and are not summed."",""origin"":""derived_from_source"",""rule_id"":""length_miles_v1"",""source_fields"":[""description_raw""]},""project_name_normalized"":{""notes"":null,""origin"":""normalized"",""rule_id"":""project_name_v1"",""source_fields"":[""project_name_raw""]},""project_type"":{""notes"":null,""origin"":""deterministic_rule"",""rule_id"":""project_type_rules_v1"",""source_fields"":[""project_name_raw"",""description_raw""]},""voltage_kv"":{""notes"":null,""origin"":""derived_from_source"",""rule_id"":""voltage_kv_v1"",""source_fields"":[""project_name_raw"",""description_raw"",""supporting_statement_raw""]}}",[1.0],"[""1 mile""]",,scrtp_desc_current_v1,0.1.0,2026,4,4,6846 A,This project is needed to improve system performance and to meet NERC TPL and internal DESC Planning Criteria for reliability.,HIGH,project_type_rules_v1,,"Project 4 of 54
Dominion Energy South Carolina
Planned Transmission Projects $2M and above Total
5 Year Budget
Eastover – Sumter 115kV DEP Tie: Rebuild with 1272 ACSR
Project ID
6846 A
Project Description
Upgrade the DESC section (approx. 1 mile) of the tie line from 397.5 ACSR Ibis to 1272 ACSR.
Project Need
This project is needed to improve system performance and to meet NERC TPL and internal DESC
Planning Criteria for reliability.
Project Status
In Progress
Planned In-Service Date
5/31/2026
Estimated Project Cost
Previous 2026 2027 2028 2029 2030 Total
$88,443 $1,150,000 $850,000 $0 $0 $0 $1,238,443",scrtp,e98bfeb86f2263f790f95f3510a9ab1e1b128c47e4ae633b8ccd27bedfea9b26,This project is needed to improve system performance and to meet NERC TPL and internal DESC Planning Criteria for reliability.,[],valid,[]
scrtp-desc-2026-539bcce2151a4cce3dfe,DESC,Elloree – Santee City 46 kV: Rebuild,Elloree - Santee City 46 kV: Rebuild,line_rebuild,Rebuilding the 46 kV line between Elloree and Santee City. 8.35 miles.,"[""46 kV""]",[46.0],In Progress,12/31/2027,12/31/2027,2027,,"Previous 2026 2027 2028 2029 2030 Total $94,609 $100,000 $10,000,000 $0 $0 $0 $10,294,609",10294609,[],[],https://www.scrtp.com/assets/pdfs/home/2026-2030-2million-and-above-project-descriptions.pdf,DESC 2026-2030 $2 Million and Above Project Descriptions,24,24,HIGH,,,,DESC,DESC,,,,scrtp-2026-desc-current-projects,HIGH,PyMuPDF,1.28.2,"{""balancing_authority_normalized"":{""notes"":null,""origin"":""deterministic_rule"",""rule_id"":""scrtp_desc_utility_v1"",""source_fields"":[""source""]},""in_service_year"":{""notes"":null,""origin"":""derived_from_source"",""rule_id"":""scrtp_desc_date_year_v1"",""source_fields"":[""planned_in_service_date_raw""]},""length_miles"":{""notes"":""Values are preserved independently and are not summed."",""origin"":""derived_from_source"",""rule_id"":""length_miles_v1"",""source_fields"":[""description_raw""]},""project_name_normalized"":{""notes"":null,""origin"":""normalized"",""rule_id"":""project_name_v1"",""source_fields"":[""project_name_raw""]},""project_type"":{""notes"":null,""origin"":""deterministic_rule"",""rule_id"":""project_type_rules_v1"",""source_fields"":[""project_name_raw"",""description_raw""]},""voltage_kv"":{""notes"":null,""origin"":""derived_from_source"",""rule_id"":""voltage_kv_v1"",""source_fields"":[""project_name_raw"",""description_raw"",""supporting_statement_raw""]}}",[8.35],"[""8.35 miles""]",,scrtp_desc_current_v1,0.1.0,2026,25,25,6810 J,System hardening,HIGH,project_type_rules_v1,,"Project 25 of 54
Dominion Energy South Carolina
Planned Transmission Projects $2M and above Total
5 Year Budget
Elloree – Santee City 46 kV: Rebuild
Project ID
6810 J
Project Description
Rebuilding the 46 kV line between Elloree and Santee City. 8.35 miles.
Project Need
System hardening
Project Status
In Progress
Planned In-Service Date
12/31/2027
Estimated Project Cost
Previous 2026 2027 2028 2029 2030 Total
$94,609 $100,000 $10,000,000 $0 $0 $0 $10,294,609",scrtp,e98bfeb86f2263f790f95f3510a9ab1e1b128c47e4ae633b8ccd27bedfea9b26,System hardening,[],valid,[]
scrtp-desc-2026-167cae57a08d41084d8f,DESC,Faber Place-Bayfront 115kV: Rebuild North Bridge Terrace to Bayfront Section,Faber Place-Bayfront 115kV: Rebuild North Bridge Terrace to Bayfront Section,line_rebuild,Rebuild Faber Place - Bayfront 115kV from N. Bridge Terrace Sub - Bayfront Sub. Line will be rebuilt SPSC with 1272 ACSR. String 1272 ACSR from Across the Ashley River - N. Bridge Terrace. String 1272 ACSR from Bayfront - Camp Rd. Scope modified to include Camp Rd. - James Island section as well.,"[""115kV""]",[115.0],In Progress,12/31/30,12/31/30,2030,,"Previous 2026 2027 2028 2029 2030 Total $1,314,478 $600,000 $0 $200,000 $11,450,000 $5,400,000 $18,964,478",18964478,[],[],https://www.scrtp.com/assets/pdfs/home/2026-2030-2million-and-above-project-descriptions.pdf,DESC 2026-2030 $2 Million and Above Project Descriptions,51,51,HIGH,,,,DESC,DESC,,,,scrtp-2026-desc-current-projects,HIGH,PyMuPDF,1.28.2,"{""balancing_authority_normalized"":{""notes"":null,""origin"":""deterministic_rule"",""rule_id"":""scrtp_desc_utility_v1"",""source_fields"":[""source""]},""in_service_year"":{""notes"":null,""origin"":""derived_from_source"",""rule_id"":""scrtp_desc_date_year_v1"",""source_fields"":[""planned_in_service_date_raw""]},""project_name_normalized"":{""notes"":null,""origin"":""normalized"",""rule_id"":""project_name_v1"",""source_fields"":[""project_name_raw""]},""project_type"":{""notes"":null,""origin"":""deterministic_rule"",""rule_id"":""project_type_rules_v1"",""source_fields"":[""project_name_raw"",""description_raw""]},""voltage_kv"":{""notes"":null,""origin"":""derived_from_source"",""rule_id"":""voltage_kv_v1"",""source_fields"":[""project_name_raw"",""description_raw"",""supporting_statement_raw""]}}",[],[],,scrtp_desc_current_v1,0.1.0,2026,52,52,6808 V,This project is required to address end of life and reliability issues on these lines.,HIGH,project_type_rules_v1,,"Project 52 of 54
Dominion Energy South Carolina
Planned Transmission Projects $2M and above Total
5 Year Budget
Faber Place-Bayfront 115kV: Rebuild North Bridge Terrace to Bayfront
Section
Project ID
6808 V
Project Description
Rebuild Faber Place - Bayfront 115kV from N. Bridge Terrace Sub - Bayfront Sub. Line will be rebuilt SPSC
with 1272 ACSR. String 1272 ACSR from Across the Ashley River - N. Bridge Terrace. String 1272 ACSR
from Bayfront - Camp Rd. Scope modified to include Camp Rd. - James Island section as well.
Project Need
This project is required to address end of life and reliability issues on these lines.
Project Status
In Progress
Planned In-Service Date
12/31/30
Estimated Project Cost
Previous 2026 2027 2028 2029 2030 Total
$1,314,478 $600,000 $0 $200,000 $11,450,000 $5,400,000 $18,964,478",scrtp,e98bfeb86f2263f790f95f3510a9ab1e1b128c47e4ae633b8ccd27bedfea9b26,This project is required to address end of life and reliability issues on these lines.,[],valid,[]
scrtp-desc-2026-4d45267b2be012b25f45,DESC,Fairfax-Yemassee 115kV: Upgrade for DESCSQ #1151 Interconnection,Fairfax-Yemassee 115kV: Upgrade for DESCSQ #1151 Interconnection,equipment_upgrade,Upgrade 336 ACSR portion of DESCSQ #1151 - Yemassee 115 kV line to 1272 ACSR.,"[""115kV"",""115 kV""]",[115.0],Planned,9/7/2027,9/7/2027,2027,,"Estimated cost of $20,350,000 is to be financed by the interconnection customer. DESC will reimburse the full cost of the assigned upgrade to the interconnection customer after commercial operation of DESCSQ #1151.",20350000,[],[],https://www.scrtp.com/assets/pdfs/home/2026-2030-2million-and-above-project-descriptions.pdf,DESC 2026-2030 $2 Million and Above Project Descriptions,17,17,HIGH,,,,DESC,DESC,,,,scrtp-2026-desc-current-projects,HIGH,PyMuPDF,1.28.2,"{""balancing_authority_normalized"":{""notes"":null,""origin"":""deterministic_rule"",""rule_id"":""scrtp_desc_utility_v1"",""source_fields"":[""source""]},""in_service_year"":{""notes"":null,""origin"":""derived_from_source"",""rule_id"":""scrtp_desc_date_year_v1"",""source_fields"":[""planned_in_service_date_raw""]},""project_name_normalized"":{""notes"":null,""origin"":""normalized"",""rule_id"":""project_name_v1"",""source_fields"":[""project_name_raw""]},""project_type"":{""notes"":null,""origin"":""deterministic_rule"",""rule_id"":""project_type_rules_v1"",""source_fields"":[""project_name_raw"",""description_raw""]},""voltage_kv"":{""notes"":null,""origin"":""derived_from_source"",""rule_id"":""voltage_kv_v1"",""source_fields"":[""project_name_raw"",""description_raw"",""supporting_statement_raw""]}}",[],[],,scrtp_desc_current_v1,0.1.0,2026,18,18,6238 H,This project is needed to interconnect DESCSQ #1151 in accordance with the DESC Transitional Cluster System Impact Study.,HIGH,project_type_rules_v1,,"Project 18 of 54
Dominion Energy South Carolina
Planned Transmission Projects $2M and above Total
5 Year Budget
Fairfax-Yemassee 115kV: Upgrade for DESCSQ #1151 Interconnection
Project ID
6238 H
Project Description
Upgrade 336 ACSR portion of DESCSQ #1151 - Yemassee 115 kV line to 1272 ACSR.
Project Need
This project is needed to interconnect DESCSQ #1151 in accordance with the DESC Transitional Cluster
System Impact Study.
Project Status
Planned
Planned In-Service Date
9/7/2027
Estimated Project Cost
Estimated cost of $20,350,000 is to be financed by the interconnection customer. DESC will reimburse
the full cost of the assigned upgrade to the interconnection customer after commercial operation of
DESCSQ #1151.",scrtp,e98bfeb86f2263f790f95f3510a9ab1e1b128c47e4ae633b8ccd27bedfea9b26,This project is needed to interconnect DESCSQ #1151 in accordance with the DESC Transitional Cluster System Impact Study.,[],valid,[]
scrtp-desc-2026-ff156d76c0883982f0fe,DESC,Flat Rock 115kV Sub and Tap: Construct,Flat Rock 115kV Sub and Tap: Construct,new_construction,Constructing a 115 kV tap off the Belv Sw Sta - Graniteville 115 kV #1 line to feed the new Sub. Will include a 3-Way GOAB.,"[""115kV"",""115 kV""]",[115.0],In Progress,12/31/26,12/31/26,2026,,"Previous 2026 2027 2028 2029 2030 Total $1,743,210 $2,206,790 $0 $0 $0 $0 $3,950,000",3950000,[],[],https://www.scrtp.com/assets/pdfs/home/2026-2030-2million-and-above-project-descriptions.pdf,DESC 2026-2030 $2 Million and Above Project Descriptions,13,13,HIGH,,,,DESC,DESC,,,,scrtp-2026-desc-current-projects,HIGH,PyMuPDF,1.28.2,"{""balancing_authority_normalized"":{""notes"":null,""origin"":""deterministic_rule"",""rule_id"":""scrtp_desc_utility_v1"",""source_fields"":[""source""]},""in_service_year"":{""notes"":null,""origin"":""derived_from_source"",""rule_id"":""scrtp_desc_date_year_v1"",""source_fields"":[""planned_in_service_date_raw""]},""project_name_normalized"":{""notes"":null,""origin"":""normalized"",""rule_id"":""project_name_v1"",""source_fields"":[""project_name_raw""]},""project_type"":{""notes"":null,""origin"":""deterministic_rule"",""rule_id"":""project_type_rules_v1"",""source_fields"":[""project_name_raw"",""description_raw""]},""voltage_kv"":{""notes"":null,""origin"":""derived_from_source"",""rule_id"":""voltage_kv_v1"",""source_fields"":[""project_name_raw"",""description_raw"",""supporting_statement_raw""]}}",[],[],,scrtp_desc_current_v1,0.1.0,2026,14,14,6381,Growth Load Transmission Line Design,HIGH,project_type_rules_v1,,"Project 14 of 54
Dominion Energy South Carolina
Planned Transmission Projects $2M and above Total
5 Year Budget
Flat Rock 115kV Sub and Tap: Construct
Project ID
6381
Project Description
Constructing a 115 kV tap off the Belv Sw Sta - Graniteville 115 kV #1 line to feed the new Sub. Will
include a 3-Way GOAB.
Project Need
Growth Load Transmission Line Design
Project Status
In Progress
Planned In-Service Date
12/31/26
Estimated Project Cost
Previous 2026 2027 2028 2029 2030 Total
$1,743,210 $2,206,790 $0 $0 $0 $0 $3,950,000",scrtp,e98bfeb86f2263f790f95f3510a9ab1e1b128c47e4ae633b8ccd27bedfea9b26,Growth Load Transmission Line Design,[],valid,[]
scrtp-desc-2026-644509a9674dde09dab2,DESC,Harleyville 115KV Transmission Tap – Construct (1.4 miles),Harleyville 115KV Transmission Tap - Construct (1.4 miles),new_construction,Extend the 115 kV line from the Blue Circle tap to the Harleyville substation to provide 115 kV service.,"[""115KV"",""115 kV""]",[115.0],Planned,12/31/2028,12/31/2028,2028,,"Previous 2026 2027 2028 2029 2030 Total $0 $250,000 $1,500,000 $1,000,000 $0 $0 $2,750,000",2750000,[],[],https://www.scrtp.com/assets/pdfs/home/2026-2030-2million-and-above-project-descriptions.pdf,DESC 2026-2030 $2 Million and Above Project Descriptions,33,33,HIGH,,,,DESC,DESC,,,,scrtp-2026-desc-current-projects,HIGH,PyMuPDF,1.28.2,"{""balancing_authority_normalized"":{""notes"":null,""origin"":""deterministic_rule"",""rule_id"":""scrtp_desc_utility_v1"",""source_fields"":[""source""]},""in_service_year"":{""notes"":null,""origin"":""derived_from_source"",""rule_id"":""scrtp_desc_date_year_v1"",""source_fields"":[""planned_in_service_date_raw""]},""project_name_normalized"":{""notes"":null,""origin"":""normalized"",""rule_id"":""project_name_v1"",""source_fields"":[""project_name_raw""]},""project_type"":{""notes"":null,""origin"":""deterministic_rule"",""rule_id"":""project_type_rules_v1"",""source_fields"":[""project_name_raw"",""description_raw""]},""voltage_kv"":{""notes"":null,""origin"":""derived_from_source"",""rule_id"":""voltage_kv_v1"",""source_fields"":[""project_name_raw"",""description_raw"",""supporting_statement_raw""]}}",[],[],,scrtp_desc_current_v1,0.1.0,2026,34,34,06005 B,Load growth.,HIGH,project_type_rules_v1,,"Project 34 of 54
Dominion Energy South Carolina
Planned Transmission Projects $2M and above Total
5 Year Budget
Harleyville 115KV Transmission Tap – Construct (1.4 miles)
Project ID
06005 B
Project Description
Extend the 115 kV line from the Blue Circle tap to the Harleyville substation to provide 115 kV service.
Project Need
Load growth.
Project Status
Planned
Planned In-Service Date
12/31/2028
Estimated Project Cost
Previous 2026 2027 2028 2029 2030 Total
$0 $250,000 $1,500,000 $1,000,000 $0 $0 $2,750,000",scrtp,e98bfeb86f2263f790f95f3510a9ab1e1b128c47e4ae633b8ccd27bedfea9b26,Load growth.,[],valid,[]
scrtp-desc-2026-bbcc2e30ae237ba84769,DESC,Hooks - Modoc 115/46 kV Rebuild,Hooks - Modoc 115/46 kV Rebuild,line_rebuild,Upgrade 6.5 miles of aging conductor with 1272 ACSR and rebuild with SPDC.,"[""115/46 kV""]","[115.0,46.0]",Planned,12/31/27,12/31/27,2027,,"Previous 2026 2027 2028 2029 2030 Total $234,285 $100,000 $10,200,000 $0 $0 $0 $10,534,285",10534285,"[""Hooks"",""Modoc""]","[""Hooks"",""Modoc""]",https://www.scrtp.com/assets/pdfs/home/2026-2030-2million-and-above-project-descriptions.pdf,DESC 2026-2030 $2 Million and Above Project Descriptions,19,19,HIGH,,,,DESC,DESC,,,,scrtp-2026-desc-current-projects,HIGH,PyMuPDF,1.28.2,"{""balancing_authority_normalized"":{""notes"":null,""origin"":""deterministic_rule"",""rule_id"":""scrtp_desc_utility_v1"",""source_fields"":[""source""]},""endpoint_candidates"":{""notes"":""Text candidates only; no geocoding or entity resolution applied."",""origin"":""derived_from_source"",""rule_id"":""location_candidates_v1"",""source_fields"":[""project_name_raw""]},""in_service_year"":{""notes"":null,""origin"":""derived_from_source"",""rule_id"":""scrtp_desc_date_year_v1"",""source_fields"":[""planned_in_service_date_raw""]},""length_miles"":{""notes"":""Values are preserved independently and are not summed."",""origin"":""derived_from_source"",""rule_id"":""length_miles_v1"",""source_fields"":[""description_raw""]},""location_mentions"":{""notes"":""Text candidates only; no geocoding or entity resolution applied."",""origin"":""derived_from_source"",""rule_id"":""location_candidates_v1"",""source_fields"":[""project_name_raw""]},""project_name_normalized"":{""notes"":null,""origin"":""normalized"",""rule_id"":""project_name_v1"",""source_fields"":[""project_name_raw""]},""project_type"":{""notes"":null,""origin"":""deterministic_rule"",""rule_id"":""project_type_rules_v1"",""source_fields"":[""project_name_raw"",""description_raw""]},""voltage_kv"":{""notes"":null,""origin"":""derived_from_source"",""rule_id"":""voltage_kv_v1"",""source_fields"":[""project_name_raw"",""description_raw"",""supporting_statement_raw""]}}",[6.5],"[""6.5 miles""]",,scrtp_desc_current_v1,0.1.0,2026,20,20,6809 G,This project is required to address end of life and reliability issues on these lines.,HIGH,project_type_rules_v1,,"Project 20 of 54
Dominion Energy South Carolina
Planned Transmission Projects $2M and above Total
5 Year Budget
Hooks - Modoc 115/46 kV Rebuild
Project ID
6809 G
Project Description
Upgrade 6.5 miles of aging conductor with 1272 ACSR and rebuild with SPDC.
Project Need
This project is required to address end of life and reliability issues on these lines.
Project Status
Planned
Planned In-Service Date
12/31/27
Estimated Project Cost
Previous 2026 2027 2028 2029 2030 Total
$234,285 $100,000 $10,200,000 $0 $0 $0 $10,534,285",scrtp,e98bfeb86f2263f790f95f3510a9ab1e1b128c47e4ae633b8ccd27bedfea9b26,This project is required to address end of life and reliability issues on these lines.,[],valid,[]
scrtp-desc-2026-227b596e791634c1e100,DESC,Jackson 115kV: Construct 115 – 12kV Distribution Substation,Jackson 115kV: Construct 115 - 12kV Distribution Substation,equipment_replacement,Construct 115 – 12kV distribution substation to replace Jackson 46kV Substation. Jackson 46kV has reverse power modifications for Aiken Schools #3936. Verify that Jackson 115-12kV will inherit this reverse power requirement.,"[""115kV"",""12kV"",""46kV""]","[115.0,12.0,46.0]",Planned,12/31/2028,12/31/2028,2028,,"Previous 2026 2027 2028 2029 2030 Total $3,760 $0 $3,000,000 $0 $0 $0 $3,003,760",3003760,[],[],https://www.scrtp.com/assets/pdfs/home/2026-2030-2million-and-above-project-descriptions.pdf,DESC 2026-2030 $2 Million and Above Project Descriptions,32,32,HIGH,,,,DESC,DESC,,,,scrtp-2026-desc-current-projects,HIGH,PyMuPDF,1.28.2,"{""balancing_authority_normalized"":{""notes"":null,""origin"":""deterministic_rule"",""rule_id"":""scrtp_desc_utility_v1"",""source_fields"":[""source""]},""in_service_year"":{""notes"":null,""origin"":""derived_from_source"",""rule_id"":""scrtp_desc_date_year_v1"",""source_fields"":[""planned_in_service_date_raw""]},""project_name_normalized"":{""notes"":null,""origin"":""normalized"",""rule_id"":""project_name_v1"",""source_fields"":[""project_name_raw""]},""project_type"":{""notes"":null,""origin"":""deterministic_rule"",""rule_id"":""project_type_rules_v1"",""source_fields"":[""project_name_raw"",""description_raw""]},""voltage_kv"":{""notes"":null,""origin"":""derived_from_source"",""rule_id"":""voltage_kv_v1"",""source_fields"":[""project_name_raw"",""description_raw"",""supporting_statement_raw""]}}",[],[],,scrtp_desc_current_v1,0.1.0,2026,33,33,6854 C,Growth Load Substation Design,HIGH,project_type_rules_v1,,"Project 33 of 54
Dominion Energy South Carolina
Planned Transmission Projects $2M and above Total
5 Year Budget
Jackson 115kV: Construct 115 – 12kV Distribution Substation
Project ID
6854 C
Project Description
Construct 115 – 12kV distribution substation to replace Jackson 46kV Substation.
Jackson 46kV has reverse power modifications for Aiken Schools #3936. Verify that Jackson 115-12kV
will inherit this reverse power requirement.
Project Need
Growth Load Substation Design
Project Status
Planned
Planned In-Service Date
12/31/2028
Estimated Project Cost
Previous 2026 2027 2028 2029 2030 Total
$3,760 $0 $3,000,000 $0 $0 $0 $3,003,760",scrtp,e98bfeb86f2263f790f95f3510a9ab1e1b128c47e4ae633b8ccd27bedfea9b26,Growth Load Substation Design,[],valid,[]
scrtp-desc-2026-6c4897da52154c18c1d1,DESC,Jasper – Okatie 230 kV #2: Construct,Jasper - Okatie 230 kV #2: Construct,new_construction,Construct a 230 kV line with B1272 ACSR from Jasper to Okatie 230/115kV Substation. The line is estimated to be 6.5 miles long. This makes Jasper a Medium Impact substation and will require a new CIP Hut.,"[""230 kV"",""230/115kV""]","[230.0,115.0]",In Progress,12/01/2026,12/01/2026,2026,,"Previous 2026 2027 2028 2029 2030 Total $14,303648 $4,976,826 $0 $0 $0 $0 $19,280,474",19280474,[],[],https://www.scrtp.com/assets/pdfs/home/2026-2030-2million-and-above-project-descriptions.pdf,DESC 2026-2030 $2 Million and Above Project Descriptions,11,11,HIGH,,,,DESC,DESC,,,,scrtp-2026-desc-current-projects,HIGH,PyMuPDF,1.28.2,"{""balancing_authority_normalized"":{""notes"":null,""origin"":""deterministic_rule"",""rule_id"":""scrtp_desc_utility_v1"",""source_fields"":[""source""]},""in_service_year"":{""notes"":null,""origin"":""derived_from_source"",""rule_id"":""scrtp_desc_date_year_v1"",""source_fields"":[""planned_in_service_date_raw""]},""length_miles"":{""notes"":""Values are preserved independently and are not summed."",""origin"":""derived_from_source"",""rule_id"":""length_miles_v1"",""source_fields"":[""description_raw""]},""project_name_normalized"":{""notes"":null,""origin"":""normalized"",""rule_id"":""project_name_v1"",""source_fields"":[""project_name_raw""]},""project_type"":{""notes"":null,""origin"":""deterministic_rule"",""rule_id"":""project_type_rules_v1"",""source_fields"":[""project_name_raw"",""description_raw""]},""voltage_kv"":{""notes"":null,""origin"":""derived_from_source"",""rule_id"":""voltage_kv_v1"",""source_fields"":[""project_name_raw"",""description_raw"",""supporting_statement_raw""]}}",[6.5],"[""6.5 miles""]",,scrtp_desc_current_v1,0.1.0,2026,12,12,06367 D - G,This project is needed to improve system performance and to meet NERC TPL and internal DESC Planning Criteria for reliability.,HIGH,project_type_rules_v1,,"Project 12 of 54
Dominion Energy South Carolina
Planned Transmission Projects $2M and above Total
5 Year Budget
Jasper – Okatie 230 kV #2: Construct
Project ID
06367 D - G
Project Description
Construct a 230 kV line with B1272 ACSR from Jasper to Okatie 230/115kV Substation. The line is
estimated to be 6.5 miles long. This makes Jasper a Medium Impact substation and will require a new
CIP Hut.
Project Need
This project is needed to improve system performance and to meet NERC TPL and internal DESC
Planning Criteria for reliability.
Project Status
In Progress
Planned In-Service Date
12/01/2026
Estimated Project Cost
Previous 2026 2027 2028 2029 2030 Total
$14,303648 $4,976,826 $0 $0 $0 $0 $19,280,474",scrtp,e98bfeb86f2263f790f95f3510a9ab1e1b128c47e4ae633b8ccd27bedfea9b26,This project is needed to improve system performance and to meet NERC TPL and internal DESC Planning Criteria for reliability.,[],valid,[]
scrtp-desc-2026-7fa4730f03b913c12731,DESC,Long Savannah 115 kV Tap: Construct,Long Savannah 115 kV Tap: Construct,line_rebuild,Rebuild Church Creek - Dawson 230kV line from Long Savannah to Church Creek. Include Long Savannah 115kV Tap SPDC with Church Creek - Dawson 230kV from Long Savannah to tap point with Church Creek - Ravenel (BEC) 115kV Line and SPSC from Tap Point to Church Creek. Long Savannah will be fed from Church Creek – Ravenel (BEC) 115 kV.,"[""115 kV"",""230kV"",""115kV""]","[115.0,230.0]",Planned,12/31/2029,12/31/2029,2029,,"Previous 2026 2027 2028 2029 2030 Total $0 $0 $0 $100,000 $5,000,000 $0 $5,100,000",5100000,[],[],https://www.scrtp.com/assets/pdfs/home/2026-2030-2million-and-above-project-descriptions.pdf,DESC 2026-2030 $2 Million and Above Project Descriptions,46,46,HIGH,,,,DESC,DESC,,,,scrtp-2026-desc-current-projects,HIGH,PyMuPDF,1.28.2,"{""balancing_authority_normalized"":{""notes"":null,""origin"":""deterministic_rule"",""rule_id"":""scrtp_desc_utility_v1"",""source_fields"":[""source""]},""in_service_year"":{""notes"":null,""origin"":""derived_from_source"",""rule_id"":""scrtp_desc_date_year_v1"",""source_fields"":[""planned_in_service_date_raw""]},""project_name_normalized"":{""notes"":null,""origin"":""normalized"",""rule_id"":""project_name_v1"",""source_fields"":[""project_name_raw""]},""project_type"":{""notes"":null,""origin"":""deterministic_rule"",""rule_id"":""project_type_rules_v1"",""source_fields"":[""project_name_raw"",""description_raw""]},""voltage_kv"":{""notes"":null,""origin"":""derived_from_source"",""rule_id"":""voltage_kv_v1"",""source_fields"":[""project_name_raw"",""description_raw"",""supporting_statement_raw""]}}",[],[],,scrtp_desc_current_v1,0.1.0,2026,47,47,6869 D,Load Growth.,HIGH,project_type_rules_v1,,"Project 47 of 54
Dominion Energy South Carolina
Planned Transmission Projects $2M and above Total
5 Year Budget
Long Savannah 115 kV Tap: Construct
Project ID
6869 D
Project Description
Rebuild Church Creek - Dawson 230kV line from Long Savannah to Church Creek. Include Long Savannah
115kV Tap SPDC with Church Creek - Dawson 230kV from Long Savannah to tap point with Church Creek
- Ravenel (BEC) 115kV Line and SPSC from Tap Point to Church Creek. Long Savannah will be fed from
Church Creek – Ravenel (BEC) 115 kV.
Project Need
Load Growth.
Project Status
Planned
Planned In-Service Date
12/31/2029
Estimated Project Cost
Previous 2026 2027 2028 2029 2030 Total
$0 $0 $0 $100,000 $5,000,000 $0 $5,100,000",scrtp,e98bfeb86f2263f790f95f3510a9ab1e1b128c47e4ae633b8ccd27bedfea9b26,Load Growth.,[],valid,[]
scrtp-desc-2026-eb85d7f45be01076a63b,DESC,Lyles – Kilbourne Park 115kV: Replace Structure 67 – Kilbourne Park,Lyles - Kilbourne Park 115kV: Replace Structure 67 - Kilbourne Park,line_rebuild,Rebuild the section of 115kV line between Kilbourne Park and str# 67 on the Lyles - Kilbourne Park 115kV Line. Pull 1272 ACSR from Richland Mall GOAB to Kilbourne Park Sub. Most of this section of line is back lot construction (difficult access) along with distribution underbuilt throughout. 2.85 Miles,"[""115kV""]",[115.0],Planned,12/01/2027,12/01/2027,2027,,"Previous 2026 2027 2028 2029 2030 Total $150,000 $100,000 $4,520,000 $0 $0 $0 $4,770,000",4770000,[],[],https://www.scrtp.com/assets/pdfs/home/2026-2030-2million-and-above-project-descriptions.pdf,DESC 2026-2030 $2 Million and Above Project Descriptions,28,28,HIGH,,,,DESC,DESC,,,,scrtp-2026-desc-current-projects,HIGH,PyMuPDF,1.28.2,"{""balancing_authority_normalized"":{""notes"":null,""origin"":""deterministic_rule"",""rule_id"":""scrtp_desc_utility_v1"",""source_fields"":[""source""]},""in_service_year"":{""notes"":null,""origin"":""derived_from_source"",""rule_id"":""scrtp_desc_date_year_v1"",""source_fields"":[""planned_in_service_date_raw""]},""length_miles"":{""notes"":""Values are preserved independently and are not summed."",""origin"":""derived_from_source"",""rule_id"":""length_miles_v1"",""source_fields"":[""description_raw""]},""project_name_normalized"":{""notes"":null,""origin"":""normalized"",""rule_id"":""project_name_v1"",""source_fields"":[""project_name_raw""]},""project_type"":{""notes"":null,""origin"":""deterministic_rule"",""rule_id"":""project_type_rules_v1"",""source_fields"":[""project_name_raw"",""description_raw""]},""voltage_kv"":{""notes"":null,""origin"":""derived_from_source"",""rule_id"":""voltage_kv_v1"",""source_fields"":[""project_name_raw"",""description_raw"",""supporting_statement_raw""]}}",[2.85],"[""2.85 Miles""]",,scrtp_desc_current_v1,0.1.0,2026,29,29,6809 S,System hardening.,HIGH,project_type_rules_v1,,"Project 29 of 54
Dominion Energy South Carolina
Planned Transmission Projects $2M and above Total
5 Year Budget
Lyles – Kilbourne Park 115kV: Replace Structure 67 – Kilbourne Park
Project ID
6809 S
Project Description
Rebuild the section of 115kV line between Kilbourne Park and str# 67 on the Lyles - Kilbourne Park
115kV Line. Pull 1272 ACSR from Richland Mall GOAB to Kilbourne Park Sub. Most of this section of line
is back lot construction (difficult access) along with distribution underbuilt throughout.
2.85 Miles
Project Need
System hardening.
Project Status
Planned
Planned In-Service Date
12/01/2027
Estimated Project Cost
Previous 2026 2027 2028 2029 2030 Total
$150,000 $100,000 $4,520,000 $0 $0 $0 $4,770,000",scrtp,e98bfeb86f2263f790f95f3510a9ab1e1b128c47e4ae633b8ccd27bedfea9b26,System hardening.,[],valid,[]
scrtp-desc-2026-84d5c4bca259c7c3525e,DESC,Millrace 115 kV Tap: Construct,Millrace 115 kV Tap: Construct,line_rebuild,"Construct Millrace 115kV tap from the existing Dunbar Road – Lyles 115kV line. Due to added load on the Dunbar Road – Lyles 115kV line, rebuild with 1272 ACSR.","[""115 kV"",""115kV""]",[115.0],Planned,12/31/2028,12/31/2028,2028,,"Previous 2026 2027 2028 2029 2030 Total $75,000 $0 $50,000 $3,075,000 $0 $0 $3,200,000",3200000,[],[],https://www.scrtp.com/assets/pdfs/home/2026-2030-2million-and-above-project-descriptions.pdf,DESC 2026-2030 $2 Million and Above Project Descriptions,37,37,HIGH,,,,DESC,DESC,,,,scrtp-2026-desc-current-projects,HIGH,PyMuPDF,1.28.2,"{""balancing_authority_normalized"":{""notes"":null,""origin"":""deterministic_rule"",""rule_id"":""scrtp_desc_utility_v1"",""source_fields"":[""source""]},""in_service_year"":{""notes"":null,""origin"":""derived_from_source"",""rule_id"":""scrtp_desc_date_year_v1"",""source_fields"":[""planned_in_service_date_raw""]},""project_name_normalized"":{""notes"":null,""origin"":""normalized"",""rule_id"":""project_name_v1"",""source_fields"":[""project_name_raw""]},""project_type"":{""notes"":null,""origin"":""deterministic_rule"",""rule_id"":""project_type_rules_v1"",""source_fields"":[""project_name_raw"",""description_raw""]},""voltage_kv"":{""notes"":null,""origin"":""derived_from_source"",""rule_id"":""voltage_kv_v1"",""source_fields"":[""project_name_raw"",""description_raw"",""supporting_statement_raw""]}}",[],[],,scrtp_desc_current_v1,0.1.0,2026,38,38,"6864 D, E",Load Growth.,HIGH,project_type_rules_v1,,"Project 38 of 54
Dominion Energy South Carolina
Planned Transmission Projects $2M and above Total
5 Year Budget
Millrace 115 kV Tap: Construct
Project ID
6864 D, E
Project Description
Construct Millrace 115kV tap from the existing Dunbar Road – Lyles 115kV line. Due to added load
on the Dunbar Road – Lyles 115kV line, rebuild with 1272 ACSR.
Project Need
Load Growth.
Project Status
Planned
Planned In-Service Date
12/31/2028
Estimated Project Cost
Previous 2026 2027 2028 2029 2030 Total
$75,000 $0 $50,000 $3,075,000 $0 $0 $3,200,000",scrtp,e98bfeb86f2263f790f95f3510a9ab1e1b128c47e4ae633b8ccd27bedfea9b26,Load Growth.,[],valid,[]
scrtp-desc-2026-d996339bf6f88a71bec4,DESC,Modoc – McCormick 115/46 kV Rebuild,Modoc - McCormick 115/46 kV Rebuild,line_rebuild,Rebuilding the section of 115/46kV line between Modoc and McCormick. Lines will be SPDC with 115 kV insulation on both sides.,"[""115/46 kV"",""115/46kV"",""115 kV""]","[115.0,46.0]",Planned,12/31/29,12/31/29,2029,,"Previous 2026 2027 2028 2029 2030 Total $0 $275,000 $125,000 $7,600,000 $11,800,000 $0 $19,800,000",19800000,[],[],https://www.scrtp.com/assets/pdfs/home/2026-2030-2million-and-above-project-descriptions.pdf,DESC 2026-2030 $2 Million and Above Project Descriptions,47,47,HIGH,,,,DESC,DESC,,,,scrtp-2026-desc-current-projects,HIGH,PyMuPDF,1.28.2,"{""balancing_authority_normalized"":{""notes"":null,""origin"":""deterministic_rule"",""rule_id"":""scrtp_desc_utility_v1"",""source_fields"":[""source""]},""in_service_year"":{""notes"":null,""origin"":""derived_from_source"",""rule_id"":""scrtp_desc_date_year_v1"",""source_fields"":[""planned_in_service_date_raw""]},""project_name_normalized"":{""notes"":null,""origin"":""normalized"",""rule_id"":""project_name_v1"",""source_fields"":[""project_name_raw""]},""project_type"":{""notes"":null,""origin"":""deterministic_rule"",""rule_id"":""project_type_rules_v1"",""source_fields"":[""project_name_raw"",""description_raw""]},""voltage_kv"":{""notes"":null,""origin"":""derived_from_source"",""rule_id"":""voltage_kv_v1"",""source_fields"":[""project_name_raw"",""description_raw"",""supporting_statement_raw""]}}",[],[],,scrtp_desc_current_v1,0.1.0,2026,48,48,6809 M,System Hardening,HIGH,project_type_rules_v1,,"Project 48 of 54
Dominion Energy South Carolina
Planned Transmission Projects $2M and above Total
5 Year Budget
Modoc – McCormick 115/46 kV Rebuild
Project ID
6809 M
Project Description
Rebuilding the section of 115/46kV line between Modoc and McCormick. Lines will be SPDC with 115 kV
insulation on both sides.
Project Need
System Hardening
Project Status
Planned
Planned In-Service Date
12/31/29
Estimated Project Cost
Previous 2026 2027 2028 2029 2030 Total
$0 $275,000 $125,000 $7,600,000 $11,800,000 $0 $19,800,000",scrtp,e98bfeb86f2263f790f95f3510a9ab1e1b128c47e4ae633b8ccd27bedfea9b26,System Hardening,[],valid,[]
scrtp-desc-2026-3fcc16fb58dedf958023,DESC,Okatie – McIntosh 115kV Tie: Add Series Reactor,Okatie - McIntosh 115kV Tie: Add Series Reactor,new_construction,Construct Deerfield Switching Station and Install a 9% series reactor on the Okatie – McIntosh 115kV Tie Line.,"[""115kV""]",[115.0],Planned,12/31/2028,12/31/2028,2028,,"Previous 2026 2027 2028 2029 2030 Total $0 $0 $50,000 $5,326,418 $0 $0 $5,376,418",5376418,[],[],https://www.scrtp.com/assets/pdfs/home/2026-2030-2million-and-above-project-descriptions.pdf,DESC 2026-2030 $2 Million and Above Project Descriptions,40,40,HIGH,,,,DESC,DESC,,,,scrtp-2026-desc-current-projects,HIGH,PyMuPDF,1.28.2,"{""balancing_authority_normalized"":{""notes"":null,""origin"":""deterministic_rule"",""rule_id"":""scrtp_desc_utility_v1"",""source_fields"":[""source""]},""in_service_year"":{""notes"":null,""origin"":""derived_from_source"",""rule_id"":""scrtp_desc_date_year_v1"",""source_fields"":[""planned_in_service_date_raw""]},""project_name_normalized"":{""notes"":null,""origin"":""normalized"",""rule_id"":""project_name_v1"",""source_fields"":[""project_name_raw""]},""project_type"":{""notes"":null,""origin"":""deterministic_rule"",""rule_id"":""project_type_rules_v1"",""source_fields"":[""project_name_raw"",""description_raw""]},""voltage_kv"":{""notes"":null,""origin"":""derived_from_source"",""rule_id"":""voltage_kv_v1"",""source_fields"":[""project_name_raw"",""description_raw"",""supporting_statement_raw""]}}",[],[],,scrtp_desc_current_v1,0.1.0,2026,41,41,6888,This project is needed to improve system performance and to meet NERC TPL and internal DESC Planning Criteria for reliability.,HIGH,project_type_rules_v1,,"Project 41 of 54
Dominion Energy South Carolina
Planned Transmission Projects $2M and above Total
5 Year Budget
Okatie – McIntosh 115kV Tie: Add Series Reactor
Project ID
6888
Project Description
Construct Deerfield Switching Station and Install a 9% series reactor on the Okatie – McIntosh
115kV Tie Line.
Project Need
This project is needed to improve system performance and to meet NERC TPL and internal DESC
Planning Criteria for reliability.
Project Status
Planned
Planned In-Service Date
12/31/2028
Estimated Project Cost
Previous 2026 2027 2028 2029 2030 Total
$0 $0 $50,000 $5,326,418 $0 $0 $5,376,418",scrtp,e98bfeb86f2263f790f95f3510a9ab1e1b128c47e4ae633b8ccd27bedfea9b26,This project is needed to improve system performance and to meet NERC TPL and internal DESC Planning Criteria for reliability.,[],valid,[]
scrtp-desc-2026-99cdb225cd296159f73c,DESC,"Okatie 230-115kV Substation, Jasper – Yemassee 230kV #1 Fold-in","Okatie 230-115kV Substation, Jasper - Yemassee 230kV #1 Fold-in",new_construction,"Expand existing Okatie Transmission sub, add a 230-115 autobank and fold the Jasper – Yemassee 230 kV #1 line into the 230 kV side. Construct two additional 115 kV bus tie lines.","[""115kV"",""230kV"",""230 kV"",""115 kV""]","[115.0,230.0]",In Progress,12/31/2026,12/31/2026,2026,,"Previous 2026 2027 2028 2029 2030 Total $7,204,010 $3,401,335 $1,024,912 $0 $0 $0 $11,630,257",11630257,[],[],https://www.scrtp.com/assets/pdfs/home/2026-2030-2million-and-above-project-descriptions.pdf,DESC 2026-2030 $2 Million and Above Project Descriptions,10,10,HIGH,,,,DESC,DESC,,,,scrtp-2026-desc-current-projects,HIGH,PyMuPDF,1.28.2,"{""balancing_authority_normalized"":{""notes"":null,""origin"":""deterministic_rule"",""rule_id"":""scrtp_desc_utility_v1"",""source_fields"":[""source""]},""in_service_year"":{""notes"":null,""origin"":""derived_from_source"",""rule_id"":""scrtp_desc_date_year_v1"",""source_fields"":[""planned_in_service_date_raw""]},""project_name_normalized"":{""notes"":null,""origin"":""normalized"",""rule_id"":""project_name_v1"",""source_fields"":[""project_name_raw""]},""project_type"":{""notes"":null,""origin"":""deterministic_rule"",""rule_id"":""project_type_rules_v1"",""source_fields"":[""project_name_raw"",""description_raw""]},""voltage_kv"":{""notes"":null,""origin"":""derived_from_source"",""rule_id"":""voltage_kv_v1"",""source_fields"":[""project_name_raw"",""description_raw"",""supporting_statement_raw""]}}",[],[],,scrtp_desc_current_v1,0.1.0,2026,11,11,"0139 M,N",This project is needed to improve system performance and to meet NERC TPL and internal DESC Planning Criteria for reliability.,HIGH,project_type_rules_v1,,"Project 11 of 54
Dominion Energy South Carolina
Planned Transmission Projects $2M and above Total
5 Year Budget
Okatie 230-115kV Substation, Jasper – Yemassee 230kV #1 Fold-in
Project ID
0139 M,N
Project Description
Expand existing Okatie Transmission sub, add a 230-115 autobank and fold the Jasper – Yemassee 230
kV #1 line into the 230 kV side. Construct two additional 115 kV bus tie lines.
Project Need
This project is needed to improve system performance and to meet NERC TPL and internal DESC
Planning Criteria for reliability.
Project Status
In Progress
Planned In-Service Date
12/31/2026
Estimated Project Cost
Previous 2026 2027 2028 2029 2030 Total
$7,204,010 $3,401,335 $1,024,912 $0 $0 $0 $11,630,257",scrtp,e98bfeb86f2263f790f95f3510a9ab1e1b128c47e4ae633b8ccd27bedfea9b26,This project is needed to improve system performance and to meet NERC TPL and internal DESC Planning Criteria for reliability.,[],valid,[]
scrtp-desc-2026-5fc8cc411f3fac441bb2,DESC,Orangeburg #1 - Cameron Jct 46kV Line Rebuild,Orangeburg #1 - Cameron Jct 46kV Line Rebuild,line_rebuild,"Rebuilding the 7.5 mile Orangeburg #1 – Cameron Jct. 46 kV Line. The line will be rebuilt on existing R/W using steel poles, 115 kV insulation, and 1272 ACSR Conductor","[""46kV"",""46 kV"",""115 kV""]","[46.0,115.0]",Planned,12/31/2028,12/31/2028,2028,,"Previous 2026 2027 2028 2029 2030 Total $25,000 $0 $125,000 $7,550,000 $0 $0 $7,912,400",7912400,"[""Orangeburg #1"",""Cameron Jct""]","[""Orangeburg #1"",""Cameron Jct""]",https://www.scrtp.com/assets/pdfs/home/2026-2030-2million-and-above-project-descriptions.pdf,DESC 2026-2030 $2 Million and Above Project Descriptions,34,34,HIGH,,,,DESC,DESC,,,,scrtp-2026-desc-current-projects,HIGH,PyMuPDF,1.28.2,"{""balancing_authority_normalized"":{""notes"":null,""origin"":""deterministic_rule"",""rule_id"":""scrtp_desc_utility_v1"",""source_fields"":[""source""]},""endpoint_candidates"":{""notes"":""Text candidates only; no geocoding or entity resolution applied."",""origin"":""derived_from_source"",""rule_id"":""location_candidates_v1"",""source_fields"":[""project_name_raw""]},""in_service_year"":{""notes"":null,""origin"":""derived_from_source"",""rule_id"":""scrtp_desc_date_year_v1"",""source_fields"":[""planned_in_service_date_raw""]},""length_miles"":{""notes"":""Values are preserved independently and are not summed."",""origin"":""derived_from_source"",""rule_id"":""length_miles_v1"",""source_fields"":[""description_raw""]},""location_mentions"":{""notes"":""Text candidates only; no geocoding or entity resolution applied."",""origin"":""derived_from_source"",""rule_id"":""location_candidates_v1"",""source_fields"":[""project_name_raw""]},""project_name_normalized"":{""notes"":null,""origin"":""normalized"",""rule_id"":""project_name_v1"",""source_fields"":[""project_name_raw""]},""project_type"":{""notes"":null,""origin"":""deterministic_rule"",""rule_id"":""project_type_rules_v1"",""source_fields"":[""project_name_raw"",""description_raw""]},""voltage_kv"":{""notes"":null,""origin"":""derived_from_source"",""rule_id"":""voltage_kv_v1"",""source_fields"":[""project_name_raw"",""description_raw"",""supporting_statement_raw""]}}",[7.5],"[""7.5 mile""]",,scrtp_desc_current_v1,0.1.0,2026,35,35,6809 F,This project is required to address end of life and reliability issues on these lines.,HIGH,project_type_rules_v1,,"Project 35 of 54
Dominion Energy South Carolina
Planned Transmission Projects $2M and above Total
5 Year Budget
Orangeburg #1 - Cameron Jct 46kV Line Rebuild
Project ID
6809 F
Project Description
Rebuilding the 7.5 mile Orangeburg #1 – Cameron Jct. 46 kV Line. The line will be rebuilt on existing R/W
using steel poles, 115 kV insulation, and 1272 ACSR Conductor
Project Need
This project is required to address end of life and reliability issues on these lines.
Project Status
Planned
Planned In-Service Date
12/31/2028
Estimated Project Cost
Previous 2026 2027 2028 2029 2030 Total
$25,000 $0 $125,000 $7,550,000 $0 $0 $7,912,400",scrtp,e98bfeb86f2263f790f95f3510a9ab1e1b128c47e4ae633b8ccd27bedfea9b26,This project is required to address end of life and reliability issues on these lines.,[],valid,[]
scrtp-desc-2026-7611950eee55380eb17f,DESC,Riverport 115kV Tap: Construct Tap,Riverport 115kV Tap: Construct Tap,new_construction,Constructing a 230 kV Tap from Okatie to Riverport,"[""115kV"",""230 kV""]","[115.0,230.0]",In Progress,12/01/26,12/01/26,2026,,"Previous 2026 2027 2028 2029 2030 Total $14,773,047 $26,616,000 $0 $0 $0 $0 $41,389,047",41389047,[],[],https://www.scrtp.com/assets/pdfs/home/2026-2030-2million-and-above-project-descriptions.pdf,DESC 2026-2030 $2 Million and Above Project Descriptions,12,12,HIGH,,,,DESC,DESC,,,,scrtp-2026-desc-current-projects,HIGH,PyMuPDF,1.28.2,"{""balancing_authority_normalized"":{""notes"":null,""origin"":""deterministic_rule"",""rule_id"":""scrtp_desc_utility_v1"",""source_fields"":[""source""]},""in_service_year"":{""notes"":null,""origin"":""derived_from_source"",""rule_id"":""scrtp_desc_date_year_v1"",""source_fields"":[""planned_in_service_date_raw""]},""project_name_normalized"":{""notes"":null,""origin"":""normalized"",""rule_id"":""project_name_v1"",""source_fields"":[""project_name_raw""]},""project_type"":{""notes"":null,""origin"":""deterministic_rule"",""rule_id"":""project_type_rules_v1"",""source_fields"":[""project_name_raw"",""description_raw""]},""voltage_kv"":{""notes"":null,""origin"":""derived_from_source"",""rule_id"":""voltage_kv_v1"",""source_fields"":[""project_name_raw"",""description_raw"",""supporting_statement_raw""]}}",[],[],,scrtp_desc_current_v1,0.1.0,2026,13,13,6367 D,Reliability/Contingency Transmission Line Design,HIGH,project_type_rules_v1,,"Project 13 of 54
Dominion Energy South Carolina
Planned Transmission Projects $2M and above Total
5 Year Budget
Riverport 115kV Tap: Construct Tap
Project ID
6367 D
Project Description
Constructing a 230 kV Tap from Okatie to Riverport
Project Need
Reliability/Contingency Transmission Line Design
Project Status
In Progress
Planned In-Service Date
12/01/26
Estimated Project Cost
Previous 2026 2027 2028 2029 2030 Total
$14,773,047 $26,616,000 $0 $0 $0 $0 $41,389,047",scrtp,e98bfeb86f2263f790f95f3510a9ab1e1b128c47e4ae633b8ccd27bedfea9b26,Reliability/Contingency Transmission Line Design,[],valid,[]
scrtp-desc-2026-0e85d451a55e8819d96c,DESC,Saluda Hydro – Bush River 115kV #1 and #2 Tie Lines Rebuild,Saluda Hydro - Bush River 115kV #1 and #2 Tie Lines Rebuild,line_rebuild,Rebuild the existing Saluda Hydro – Bush River #1 and #2 Tie Lines to SPDC 1272.,"[""115kV""]",[115.0],In Progress,12/31/2026,12/31/2026,2026,,"Previous 2026 2027 2028 2029 2030 Total $2,865,825 $15,039,175 $2,225,000 $0 $0 $0 $20,400,000",20400000,[],[],https://www.scrtp.com/assets/pdfs/home/2026-2030-2million-and-above-project-descriptions.pdf,DESC 2026-2030 $2 Million and Above Project Descriptions,14,14,HIGH,,,,DESC,DESC,,,,scrtp-2026-desc-current-projects,HIGH,PyMuPDF,1.28.2,"{""balancing_authority_normalized"":{""notes"":null,""origin"":""deterministic_rule"",""rule_id"":""scrtp_desc_utility_v1"",""source_fields"":[""source""]},""in_service_year"":{""notes"":null,""origin"":""derived_from_source"",""rule_id"":""scrtp_desc_date_year_v1"",""source_fields"":[""planned_in_service_date_raw""]},""project_name_normalized"":{""notes"":null,""origin"":""normalized"",""rule_id"":""project_name_v1"",""source_fields"":[""project_name_raw""]},""project_type"":{""notes"":null,""origin"":""deterministic_rule"",""rule_id"":""project_type_rules_v1"",""source_fields"":[""project_name_raw"",""description_raw""]},""voltage_kv"":{""notes"":null,""origin"":""derived_from_source"",""rule_id"":""voltage_kv_v1"",""source_fields"":[""project_name_raw"",""description_raw"",""supporting_statement_raw""]}}",[],[],,scrtp_desc_current_v1,0.1.0,2026,15,15,6870 A,This project is needed to improve system performance and to meet NERC TPL and internal DESC Planning Criteria for reliability.,HIGH,project_type_rules_v1,,"Project 15 of 54
Dominion Energy South Carolina
Planned Transmission Projects $2M and above Total
5 Year Budget
Saluda Hydro – Bush River 115kV #1 and #2 Tie Lines Rebuild
Project ID
6870 A
Project Description
Rebuild the existing Saluda Hydro – Bush River #1 and #2 Tie Lines to SPDC 1272.
Project Need
This project is needed to improve system performance and to meet NERC TPL and internal DESC
Planning Criteria for reliability.
Project Status
In Progress
Planned In-Service Date
12/31/2026
Estimated Project Cost
Previous 2026 2027 2028 2029 2030 Total
$2,865,825 $15,039,175 $2,225,000 $0 $0 $0 $20,400,000",scrtp,e98bfeb86f2263f790f95f3510a9ab1e1b128c47e4ae633b8ccd27bedfea9b26,This project is needed to improve system performance and to meet NERC TPL and internal DESC Planning Criteria for reliability.,[],valid,[]
scrtp-desc-2026-962089b5689400bb0b79,DESC,Scout 230 kV Sub and Fold-in: Construct,Scout 230 kV Sub and Fold-in: Construct,new_construction,Construct 230kV Transmission Line for Scout Customer Substation and modify VCS1 and Killian terminals.,"[""230 kV"",""230kV""]",[230.0],In Progress,5/31/2026,5/31/2026,2026,,"Previous 2026 2027 2028 2029 2030 Total $17,360,044 $2,057,956 $2,590,000 $0 $0 $0 $19,418,000",19418000,[],[],https://www.scrtp.com/assets/pdfs/home/2026-2030-2million-and-above-project-descriptions.pdf,DESC 2026-2030 $2 Million and Above Project Descriptions,2,2,HIGH,,,,DESC,DESC,,,,scrtp-2026-desc-current-projects,HIGH,PyMuPDF,1.28.2,"{""balancing_authority_normalized"":{""notes"":null,""origin"":""deterministic_rule"",""rule_id"":""scrtp_desc_utility_v1"",""source_fields"":[""source""]},""in_service_year"":{""notes"":null,""origin"":""derived_from_source"",""rule_id"":""scrtp_desc_date_year_v1"",""source_fields"":[""planned_in_service_date_raw""]},""project_name_normalized"":{""notes"":null,""origin"":""normalized"",""rule_id"":""project_name_v1"",""source_fields"":[""project_name_raw""]},""project_type"":{""notes"":null,""origin"":""deterministic_rule"",""rule_id"":""project_type_rules_v1"",""source_fields"":[""project_name_raw"",""description_raw""]},""voltage_kv"":{""notes"":null,""origin"":""derived_from_source"",""rule_id"":""voltage_kv_v1"",""source_fields"":[""project_name_raw"",""description_raw"",""supporting_statement_raw""]}}",[],[],,scrtp_desc_current_v1,0.1.0,2026,3,3,6853 B-F,Load growth.,HIGH,project_type_rules_v1,,"Project 3 of 54
Dominion Energy South Carolina
Planned Transmission Projects $2M and above Total
5 Year Budget
Scout 230 kV Sub and Fold-in: Construct
Project ID
6853 B-F
Project Description
Construct 230kV Transmission Line for Scout Customer Substation and modify VCS1 and Killian
terminals.
Project Need
Load growth.
Project Status
In Progress
Planned In-Service Date
5/31/2026
Estimated Project Cost
Previous 2026 2027 2028 2029 2030 Total
$17,360,044 $2,057,956 $2,590,000 $0 $0 $0 $19,418,000",scrtp,e98bfeb86f2263f790f95f3510a9ab1e1b128c47e4ae633b8ccd27bedfea9b26,Load growth.,[],valid,[]
scrtp-desc-2026-df647554a741cc921e3b,DESC,St George - Sumter 230kV Tie: Rebuild Line from Santee Substation - Duke/Progress Energy Tie,St George - Sumter 230kV Tie: Rebuild Line from Santee Substation - Duke/Progress Energy Tie,line_rebuild,Rebuild Line from Santee Substation - Duke/Progress Energy Tie.,"[""230kV""]",[230.0],Planned,12/31/2027,12/31/2027,2027,,"Previous 2026 2027 2028 2029 2030 Total $219,331 $50,000 $4,300,000 0 $0 $0 $4,569,331",4569331,"[""St George"",""Sumter""]","[""St George"",""Sumter""]",https://www.scrtp.com/assets/pdfs/home/2026-2030-2million-and-above-project-descriptions.pdf,DESC 2026-2030 $2 Million and Above Project Descriptions,18,18,HIGH,,,,DESC,DESC,,,,scrtp-2026-desc-current-projects,HIGH,PyMuPDF,1.28.2,"{""balancing_authority_normalized"":{""notes"":null,""origin"":""deterministic_rule"",""rule_id"":""scrtp_desc_utility_v1"",""source_fields"":[""source""]},""endpoint_candidates"":{""notes"":""Text candidates only; no geocoding or entity resolution applied."",""origin"":""derived_from_source"",""rule_id"":""location_candidates_v1"",""source_fields"":[""project_name_raw""]},""in_service_year"":{""notes"":null,""origin"":""derived_from_source"",""rule_id"":""scrtp_desc_date_year_v1"",""source_fields"":[""planned_in_service_date_raw""]},""location_mentions"":{""notes"":""Text candidates only; no geocoding or entity resolution applied."",""origin"":""derived_from_source"",""rule_id"":""location_candidates_v1"",""source_fields"":[""project_name_raw""]},""project_name_normalized"":{""notes"":null,""origin"":""normalized"",""rule_id"":""project_name_v1"",""source_fields"":[""project_name_raw""]},""project_type"":{""notes"":null,""origin"":""deterministic_rule"",""rule_id"":""project_type_rules_v1"",""source_fields"":[""project_name_raw"",""description_raw""]},""voltage_kv"":{""notes"":null,""origin"":""derived_from_source"",""rule_id"":""voltage_kv_v1"",""source_fields"":[""project_name_raw"",""description_raw"",""supporting_statement_raw""]}}",[],[],,scrtp_desc_current_v1,0.1.0,2026,19,19,6809 M,Grid hardening.,HIGH,project_type_rules_v1,,"Project 19 of 54
Dominion Energy South Carolina
Planned Transmission Projects $2M and above Total
5 Year Budget
St George - Sumter 230kV Tie: Rebuild Line from Santee Substation -
Duke/Progress Energy Tie
Project ID
6809 M
Project Description
Rebuild Line from Santee Substation - Duke/Progress Energy Tie.
Project Need
Grid hardening.
Project Status
Planned
Planned In-Service Date
12/31/2027
Estimated Project Cost
Previous 2026 2027 2028 2029 2030 Total
$219,331 $50,000 $4,300,000 0 $0 $0 $4,569,331",scrtp,e98bfeb86f2263f790f95f3510a9ab1e1b128c47e4ae633b8ccd27bedfea9b26,Grid hardening.,[],valid,[]
scrtp-desc-2026-6246e72a6d88f440bff0,DESC,St. George- Holly Hill 115kV: Rebuild Structures 83-108,St. George- Holly Hill 115kV: Rebuild Structures 83-108,line_rebuild,"Rebuild Structures 83-108 on existing St. George – Holly Hill 115 kV transmission line. Total length, 3.4 miles. Replace flat switches at Don's Car Crushing with new flat switches. Distribution wants to be underbuilt when we rebuild.","[""115kV"",""115 kV""]",[115.0],Planned,12/31/2028,12/31/2028,2028,,"Previous 2026 2027 2028 2029 2030 Total $25,000 $175,000 $125,000 $7,800,000 $0 $0 $8,125,000",8125000,[],[],https://www.scrtp.com/assets/pdfs/home/2026-2030-2million-and-above-project-descriptions.pdf,DESC 2026-2030 $2 Million and Above Project Descriptions,42,42,HIGH,,,,DESC,DESC,,,,scrtp-2026-desc-current-projects,HIGH,PyMuPDF,1.28.2,"{""balancing_authority_normalized"":{""notes"":null,""origin"":""deterministic_rule"",""rule_id"":""scrtp_desc_utility_v1"",""source_fields"":[""source""]},""in_service_year"":{""notes"":null,""origin"":""derived_from_source"",""rule_id"":""scrtp_desc_date_year_v1"",""source_fields"":[""planned_in_service_date_raw""]},""length_miles"":{""notes"":""Values are preserved independently and are not summed."",""origin"":""derived_from_source"",""rule_id"":""length_miles_v1"",""source_fields"":[""description_raw""]},""project_name_normalized"":{""notes"":null,""origin"":""normalized"",""rule_id"":""project_name_v1"",""source_fields"":[""project_name_raw""]},""project_type"":{""notes"":null,""origin"":""deterministic_rule"",""rule_id"":""project_type_rules_v1"",""source_fields"":[""project_name_raw"",""description_raw""]},""voltage_kv"":{""notes"":null,""origin"":""derived_from_source"",""rule_id"":""voltage_kv_v1"",""source_fields"":[""project_name_raw"",""description_raw"",""supporting_statement_raw""]}}",[3.4],"[""3.4 miles""]",,scrtp_desc_current_v1,0.1.0,2026,43,43,6809 O,System Hardening,HIGH,project_type_rules_v1,,"Project 43 of 54
Dominion Energy South Carolina
Planned Transmission Projects $2M and above Total
5 Year Budget
St. George- Holly Hill 115kV: Rebuild Structures 83-108
Project ID
6809 O
Project Description
Rebuild Structures 83-108 on existing St. George – Holly Hill 115 kV transmission line. Total length,
3.4 miles. Replace flat switches at Don's Car Crushing with new flat switches.
Distribution wants to be underbuilt when we rebuild.
Project Need
System Hardening
Project Status
Planned
Planned In-Service Date
12/31/2028
Estimated Project Cost
Previous 2026 2027 2028 2029 2030 Total
$25,000 $175,000 $125,000 $7,800,000 $0 $0 $8,125,000",scrtp,e98bfeb86f2263f790f95f3510a9ab1e1b128c47e4ae633b8ccd27bedfea9b26,System Hardening,[],valid,[]
scrtp-desc-2026-934683e291b7d4eca945,DESC,Stevens Creek - Graniteville 115 kV: Rebuild,Stevens Creek - Graniteville 115 kV: Rebuild,line_rebuild,"Rebuilding the 15 mile section of 115 kv line between Stevens Creek and Graniteville. This line was built in the early 1960s, has small wire, and is in rough shape, as noted by the extensive damage during the hurricane.","[""115 kV"",""115 kv""]",[115.0],Planned,12/31/29,12/31/29,2029,,"Previous 2026 2027 2028 2029 2030 Total $0 $100,000 $200,000 $9,300,000 $8,600,000 $0 $18,200,000",18200000,"[""Stevens Creek"",""Graniteville""]","[""Stevens Creek"",""Graniteville""]",https://www.scrtp.com/assets/pdfs/home/2026-2030-2million-and-above-project-descriptions.pdf,DESC 2026-2030 $2 Million and Above Project Descriptions,48,48,HIGH,,,,DESC,DESC,,,,scrtp-2026-desc-current-projects,HIGH,PyMuPDF,1.28.2,"{""balancing_authority_normalized"":{""notes"":null,""origin"":""deterministic_rule"",""rule_id"":""scrtp_desc_utility_v1"",""source_fields"":[""source""]},""endpoint_candidates"":{""notes"":""Text candidates only; no geocoding or entity resolution applied."",""origin"":""derived_from_source"",""rule_id"":""location_candidates_v1"",""source_fields"":[""project_name_raw""]},""in_service_year"":{""notes"":null,""origin"":""derived_from_source"",""rule_id"":""scrtp_desc_date_year_v1"",""source_fields"":[""planned_in_service_date_raw""]},""length_miles"":{""notes"":""Values are preserved independently and are not summed."",""origin"":""derived_from_source"",""rule_id"":""length_miles_v1"",""source_fields"":[""description_raw""]},""location_mentions"":{""notes"":""Text candidates only; no geocoding or entity resolution applied."",""origin"":""derived_from_source"",""rule_id"":""location_candidates_v1"",""source_fields"":[""project_name_raw""]},""project_name_normalized"":{""notes"":null,""origin"":""normalized"",""rule_id"":""project_name_v1"",""source_fields"":[""project_name_raw""]},""project_type"":{""notes"":null,""origin"":""deterministic_rule"",""rule_id"":""project_type_rules_v1"",""source_fields"":[""project_name_raw"",""description_raw""]},""voltage_kv"":{""notes"":null,""origin"":""derived_from_source"",""rule_id"":""voltage_kv_v1"",""source_fields"":[""project_name_raw"",""description_raw"",""supporting_statement_raw""]}}",[15.0],"[""15 mile""]",,scrtp_desc_current_v1,0.1.0,2026,49,49,6809 T,System Hardening,HIGH,project_type_rules_v1,,"Project 49 of 54
Dominion Energy South Carolina
Planned Transmission Projects $2M and above Total
5 Year Budget
Stevens Creek - Graniteville 115 kV: Rebuild
Project ID
6809 T
Project Description
Rebuilding the 15 mile section of 115 kv line between Stevens Creek and Graniteville. This line was built
in the early 1960s, has small wire, and is in rough shape, as noted by the extensive damage during the
hurricane.
Project Need
System Hardening
Project Status
Planned
Planned In-Service Date
12/31/29
Estimated Project Cost
Previous 2026 2027 2028 2029 2030 Total
$0 $100,000 $200,000 $9,300,000 $8,600,000 $0 $18,200,000",scrtp,e98bfeb86f2263f790f95f3510a9ab1e1b128c47e4ae633b8ccd27bedfea9b26,System Hardening,[],valid,[]
scrtp-desc-2026-b67f9b219765f715cb64,DESC,Summerville 115kV Loop: Rebuild,Summerville 115kV Loop: Rebuild,line_rebuild,Replacing several wood pole sections on the Summerville 115 kV Loop that have reached the end of life.,"[""115kV"",""115 kV""]",[115.0],In Progress,04/31/26,04/31/26,2026,,"Previous 2026 2027 2028 2029 2030 Total $13,675,885 $2,100,000 $0 $0 $0 $0 $15,775,885",15775885,[],[],https://www.scrtp.com/assets/pdfs/home/2026-2030-2million-and-above-project-descriptions.pdf,DESC 2026-2030 $2 Million and Above Project Descriptions,0,0,HIGH,,,,DESC,DESC,,,,scrtp-2026-desc-current-projects,HIGH,PyMuPDF,1.28.2,"{""balancing_authority_normalized"":{""notes"":null,""origin"":""deterministic_rule"",""rule_id"":""scrtp_desc_utility_v1"",""source_fields"":[""source""]},""in_service_year"":{""notes"":null,""origin"":""derived_from_source"",""rule_id"":""scrtp_desc_date_year_v1"",""source_fields"":[""planned_in_service_date_raw""]},""project_name_normalized"":{""notes"":null,""origin"":""normalized"",""rule_id"":""project_name_v1"",""source_fields"":[""project_name_raw""]},""project_type"":{""notes"":null,""origin"":""deterministic_rule"",""rule_id"":""project_type_rules_v1"",""source_fields"":[""project_name_raw"",""description_raw""]},""voltage_kv"":{""notes"":null,""origin"":""derived_from_source"",""rule_id"":""voltage_kv_v1"",""source_fields"":[""project_name_raw"",""description_raw"",""supporting_statement_raw""]}}",[],[],,scrtp_desc_current_v1,0.1.0,2026,1,1,06810 H,This project is required to address end of life and maintenance issues.,HIGH,project_type_rules_v1,,"Project 1 of 54
Dominion Energy South Carolina
Planned Transmission Projects $2M and above Total
5 Year Budget
Summerville 115kV Loop: Rebuild
Project ID
06810 H
Project Description
Replacing several wood pole sections on the Summerville 115 kV Loop that have reached the end of life.
Project Need
This project is required to address end of life and maintenance issues.
Project Status
In Progress
Planned In-Service Date
04/31/26
Estimated Project Cost
Previous 2026 2027 2028 2029 2030 Total
$13,675,885 $2,100,000 $0 $0 $0 $0 $15,775,885",scrtp,e98bfeb86f2263f790f95f3510a9ab1e1b128c47e4ae633b8ccd27bedfea9b26,This project is required to address end of life and maintenance issues.,[],valid,[]
scrtp-desc-2026-4adc3d7895d500e1fdc4,DESC,Summerville-Boone Hill 115kV: Move Line for US78 SCDOT Road Widening,Summerville-Boone Hill 115kV: Move Line for US78 SCDOT Road Widening,unknown,Move Summerville – Boone Hill 115kV Transmission Line for SCDOT Road widening. Approximately 1.2 miles of Transmission line (23 Transmission Poles).,"[""115kV""]",[115.0],In Progress,07/31/26,07/31/26,2026,,"Previous 2026 2027 2028 2029 2030 Total $8,475,000 $4,000,000 $0 $0 $0 $0 $12,475,000",12475000,[],[],https://www.scrtp.com/assets/pdfs/home/2026-2030-2million-and-above-project-descriptions.pdf,DESC 2026-2030 $2 Million and Above Project Descriptions,5,5,HIGH,,,,DESC,DESC,,,,scrtp-2026-desc-current-projects,HIGH,PyMuPDF,1.28.2,"{""balancing_authority_normalized"":{""notes"":null,""origin"":""deterministic_rule"",""rule_id"":""scrtp_desc_utility_v1"",""source_fields"":[""source""]},""in_service_year"":{""notes"":null,""origin"":""derived_from_source"",""rule_id"":""scrtp_desc_date_year_v1"",""source_fields"":[""planned_in_service_date_raw""]},""length_miles"":{""notes"":""Values are preserved independently and are not summed."",""origin"":""derived_from_source"",""rule_id"":""length_miles_v1"",""source_fields"":[""description_raw""]},""project_name_normalized"":{""notes"":null,""origin"":""normalized"",""rule_id"":""project_name_v1"",""source_fields"":[""project_name_raw""]},""project_type"":{""notes"":null,""origin"":""deterministic_rule"",""rule_id"":""project_type_rules_v1"",""source_fields"":[""project_name_raw"",""description_raw""]},""voltage_kv"":{""notes"":null,""origin"":""derived_from_source"",""rule_id"":""voltage_kv_v1"",""source_fields"":[""project_name_raw"",""description_raw"",""supporting_statement_raw""]}}",[1.2],"[""1.2 miles""]",,scrtp_desc_current_v1,0.1.0,2026,6,6,06874 B,This project is required to address SCDOT Road Widening.,LOW,project_type_rules_v1,,"Project 6 of 54
Dominion Energy South Carolina
Planned Transmission Projects $2M and above Total
5 Year Budget
Summerville-Boone Hill 115kV: Move Line for US78 SCDOT Road
Widening
Project ID
06874 B
Project Description
Move Summerville – Boone Hill 115kV Transmission Line for SCDOT Road widening. Approximately 1.2
miles of Transmission line (23 Transmission Poles).
Project Need
This project is required to address SCDOT Road Widening.
Project Status
In Progress
Planned In-Service Date
07/31/26
Estimated Project Cost
Previous 2026 2027 2028 2029 2030 Total
$8,475,000 $4,000,000 $0 $0 $0 $0 $12,475,000",scrtp,e98bfeb86f2263f790f95f3510a9ab1e1b128c47e4ae633b8ccd27bedfea9b26,This project is required to address SCDOT Road Widening.,[],valid,[]
scrtp-desc-2026-1369cc25b0f210697d9f,DESC,Union Pier 115-13.8 kV Sub: Tap,Union Pier 115-13.8 kV Sub: Tap,equipment_installation,Installing a 115 kV Tap (or possibly dedicated feed from Charlotte St) to feed the Union Pier 115 kV Sub.,"[""13.8 kV"",""115 kV""]","[13.8,115.0]",Planned,12/31/30,12/31/30,2030,,"Previous 2026 2027 2028 2029 2030 Total $0 $0 $0 $350,000 $6,350,000 $15,700,000 $22,400,000",22400000,[],[],https://www.scrtp.com/assets/pdfs/home/2026-2030-2million-and-above-project-descriptions.pdf,DESC 2026-2030 $2 Million and Above Project Descriptions,50,50,HIGH,,,,DESC,DESC,,,,scrtp-2026-desc-current-projects,HIGH,PyMuPDF,1.28.2,"{""balancing_authority_normalized"":{""notes"":null,""origin"":""deterministic_rule"",""rule_id"":""scrtp_desc_utility_v1"",""source_fields"":[""source""]},""in_service_year"":{""notes"":null,""origin"":""derived_from_source"",""rule_id"":""scrtp_desc_date_year_v1"",""source_fields"":[""planned_in_service_date_raw""]},""project_name_normalized"":{""notes"":null,""origin"":""normalized"",""rule_id"":""project_name_v1"",""source_fields"":[""project_name_raw""]},""project_type"":{""notes"":null,""origin"":""deterministic_rule"",""rule_id"":""project_type_rules_v1"",""source_fields"":[""project_name_raw"",""description_raw""]},""voltage_kv"":{""notes"":null,""origin"":""derived_from_source"",""rule_id"":""voltage_kv_v1"",""source_fields"":[""project_name_raw"",""description_raw"",""supporting_statement_raw""]}}",[],[],,scrtp_desc_current_v1,0.1.0,2026,51,51,0167 C-D,This project is needed to for load growth in the Charleston area.,HIGH,project_type_rules_v1,,"Project 51 of 54
Dominion Energy South Carolina
Planned Transmission Projects $2M and above Total
5 Year Budget
Union Pier 115-13.8 kV Sub: Tap
Project ID
0167 C-D
Project Description
Installing a 115 kV Tap (or possibly dedicated feed from Charlotte St) to feed the Union Pier 115 kV Sub.
Project Need
This project is needed to for load growth in the Charleston area.
Project Status
Planned
Planned In-Service Date
12/31/30
Estimated Project Cost
Previous 2026 2027 2028 2029 2030 Total
$0 $0 $0 $350,000 $6,350,000 $15,700,000 $22,400,000",scrtp,e98bfeb86f2263f790f95f3510a9ab1e1b128c47e4ae633b8ccd27bedfea9b26,This project is needed to for load growth in the Charleston area.,[],valid,[]
scrtp-desc-2026-709d9acc84bd6eb25bd2,DESC,Urquhart – Aiken PSA 46 kV: Rebuild,Urquhart - Aiken PSA 46 kV: Rebuild,line_rebuild,Rebuilding the section of 46 kV line from Urquhart to the Aiken PSA tap point. TBD if the scope of this project includes rebuilding the actual tap Aiken PSA. 4.5 miles.,"[""46 kV""]",[46.0],Planned,12/31/2027,12/31/2027,2027,,"Previous 2026 2027 2028 2029 2030 Total $0 $0 $100,000 $2,900,000 $0 $0 $3,000,000",3000000,[],[],https://www.scrtp.com/assets/pdfs/home/2026-2030-2million-and-above-project-descriptions.pdf,DESC 2026-2030 $2 Million and Above Project Descriptions,25,25,HIGH,,,,DESC,DESC,,,,scrtp-2026-desc-current-projects,HIGH,PyMuPDF,1.28.2,"{""balancing_authority_normalized"":{""notes"":null,""origin"":""deterministic_rule"",""rule_id"":""scrtp_desc_utility_v1"",""source_fields"":[""source""]},""in_service_year"":{""notes"":null,""origin"":""derived_from_source"",""rule_id"":""scrtp_desc_date_year_v1"",""source_fields"":[""planned_in_service_date_raw""]},""length_miles"":{""notes"":""Values are preserved independently and are not summed."",""origin"":""derived_from_source"",""rule_id"":""length_miles_v1"",""source_fields"":[""description_raw""]},""project_name_normalized"":{""notes"":null,""origin"":""normalized"",""rule_id"":""project_name_v1"",""source_fields"":[""project_name_raw""]},""project_type"":{""notes"":null,""origin"":""deterministic_rule"",""rule_id"":""project_type_rules_v1"",""source_fields"":[""project_name_raw"",""description_raw""]},""voltage_kv"":{""notes"":null,""origin"":""derived_from_source"",""rule_id"":""voltage_kv_v1"",""source_fields"":[""project_name_raw"",""description_raw"",""supporting_statement_raw""]}}",[4.5],"[""4.5 miles""]",,scrtp_desc_current_v1,0.1.0,2026,26,26,6810 O,System hardening,HIGH,project_type_rules_v1,,"Project 26 of 54
Dominion Energy South Carolina
Planned Transmission Projects $2M and above Total
5 Year Budget
Urquhart – Aiken PSA 46 kV: Rebuild
Project ID
6810 O
Project Description
Rebuilding the section of 46 kV line from Urquhart to the Aiken PSA tap point. TBD if the scope of this
project includes rebuilding the actual tap Aiken PSA. 4.5 miles.
Project Need
System hardening
Project Status
Planned
Planned In-Service Date
12/31/2027
Estimated Project Cost
Previous 2026 2027 2028 2029 2030 Total
$0 $0 $100,000 $2,900,000 $0 $0 $3,000,000",scrtp,e98bfeb86f2263f790f95f3510a9ab1e1b128c47e4ae633b8ccd27bedfea9b26,System hardening,[],valid,[]
scrtp-desc-2026-51b7f3df6753d9825f1a,DESC,Urquhart – Toolebeck 115kV line: Rebuild,Urquhart - Toolebeck 115kV line: Rebuild,line_rebuild,Upgrade the 477 ACSR portions of the Urquhart – Toolebeck 115 kV line to 1272 ACSR. Replace existing structures with Single Pole Double Circuit Structures. Approximately 12.5 miles.,"[""115kV"",""115 kV""]",[115.0],In Progress,8/12/2026,8/12/2026,2026,,"Previous 2026 2027 2028 2029 2030 Total $8,245,538 $7,703,082 $0 $0 $0 $0 $15,948,620",15948620,[],[],https://www.scrtp.com/assets/pdfs/home/2026-2030-2million-and-above-project-descriptions.pdf,DESC 2026-2030 $2 Million and Above Project Descriptions,6,6,HIGH,,,,DESC,DESC,,,,scrtp-2026-desc-current-projects,HIGH,PyMuPDF,1.28.2,"{""balancing_authority_normalized"":{""notes"":null,""origin"":""deterministic_rule"",""rule_id"":""scrtp_desc_utility_v1"",""source_fields"":[""source""]},""in_service_year"":{""notes"":null,""origin"":""derived_from_source"",""rule_id"":""scrtp_desc_date_year_v1"",""source_fields"":[""planned_in_service_date_raw""]},""length_miles"":{""notes"":""Values are preserved independently and are not summed."",""origin"":""derived_from_source"",""rule_id"":""length_miles_v1"",""source_fields"":[""description_raw""]},""project_name_normalized"":{""notes"":null,""origin"":""normalized"",""rule_id"":""project_name_v1"",""source_fields"":[""project_name_raw""]},""project_type"":{""notes"":null,""origin"":""deterministic_rule"",""rule_id"":""project_type_rules_v1"",""source_fields"":[""project_name_raw"",""description_raw""]},""voltage_kv"":{""notes"":null,""origin"":""derived_from_source"",""rule_id"":""voltage_kv_v1"",""source_fields"":[""project_name_raw"",""description_raw"",""supporting_statement_raw""]}}",[12.5],"[""12.5 miles""]",,scrtp_desc_current_v1,0.1.0,2026,7,7,6852,This project is needed to improve system performance and to meet NERC TPL and internal DESC Planning Criteria for reliability.,HIGH,project_type_rules_v1,,"Project 7 of 54
Dominion Energy South Carolina
Planned Transmission Projects $2M and above Total
5 Year Budget
Urquhart – Toolebeck 115kV line: Rebuild
Project ID
6852
Project Description
Upgrade the 477 ACSR portions of the Urquhart – Toolebeck 115 kV line to 1272 ACSR. Replace existing
structures with Single Pole Double Circuit Structures. Approximately 12.5 miles.
Project Need
This project is needed to improve system performance and to meet NERC TPL and internal DESC
Planning Criteria for reliability.
Project Status
In Progress
Planned In-Service Date
8/12/2026
Estimated Project Cost
Previous 2026 2027 2028 2029 2030 Total
$8,245,538 $7,703,082 $0 $0 $0 $0 $15,948,620",scrtp,e98bfeb86f2263f790f95f3510a9ab1e1b128c47e4ae633b8ccd27bedfea9b26,This project is needed to improve system performance and to meet NERC TPL and internal DESC Planning Criteria for reliability.,[],valid,[]
scrtp-desc-2026-338bea3571ea03ed111f,DESC,VCS1-Denny Terrace 230kV & VCS1-Pineland 230kV: Rebuild Single Circuit Sections,VCS1-Denny Terrace 230kV & VCS1-Pineland 230kV: Rebuild Single Circuit Sections,line_rebuild,Replace wooden H-Frame structures with Self Supporting Steel Structures and restring with standard 1272 ACSR conductor.,"[""230kV""]",[230.0],In Progress,12/31/28,12/31/28,2028,,"Previous 2026 2027 2028 2029 2030 Total $463,118 $0 $100,000 $12,722,000 $0 $0 $13,285,118",13285118,[],[],https://www.scrtp.com/assets/pdfs/home/2026-2030-2million-and-above-project-descriptions.pdf,DESC 2026-2030 $2 Million and Above Project Descriptions,35,35,HIGH,,,,DESC,DESC,,,,scrtp-2026-desc-current-projects,HIGH,PyMuPDF,1.28.2,"{""balancing_authority_normalized"":{""notes"":null,""origin"":""deterministic_rule"",""rule_id"":""scrtp_desc_utility_v1"",""source_fields"":[""source""]},""in_service_year"":{""notes"":null,""origin"":""derived_from_source"",""rule_id"":""scrtp_desc_date_year_v1"",""source_fields"":[""planned_in_service_date_raw""]},""project_name_normalized"":{""notes"":null,""origin"":""normalized"",""rule_id"":""project_name_v1"",""source_fields"":[""project_name_raw""]},""project_type"":{""notes"":null,""origin"":""deterministic_rule"",""rule_id"":""project_type_rules_v1"",""source_fields"":[""project_name_raw"",""description_raw""]},""voltage_kv"":{""notes"":null,""origin"":""derived_from_source"",""rule_id"":""voltage_kv_v1"",""source_fields"":[""project_name_raw"",""description_raw"",""supporting_statement_raw""]}}",[],[],,scrtp_desc_current_v1,0.1.0,2026,36,36,"6808 N,O",This project is required to address end of life and reliability issues on these lines.,HIGH,project_type_rules_v1,,"Project 36 of 54
Dominion Energy South Carolina
Planned Transmission Projects $2M and above Total
5 Year Budget
VCS1-Denny Terrace 230kV & VCS1-Pineland 230kV: Rebuild Single
Circuit Sections
Project ID
6808 N,O
Project Description
Replace wooden H-Frame structures with Self Supporting Steel Structures and restring with standard
1272 ACSR conductor.
Project Need
This project is required to address end of life and reliability issues on these lines.
Project Status
In Progress
Planned In-Service Date
12/31/28
Estimated Project Cost
Previous 2026 2027 2028 2029 2030 Total
$463,118 $0 $100,000 $12,722,000 $0 $0 $13,285,118",scrtp,e98bfeb86f2263f790f95f3510a9ab1e1b128c47e4ae633b8ccd27bedfea9b26,This project is required to address end of life and reliability issues on these lines.,[],valid,[]
scrtp-desc-2026-e392d32c82bbf3b76a94,DESC,VCS2-Ward 230kV: Rebuild Line,VCS2-Ward 230kV: Rebuild Line,line_rebuild,Rebuild 40 miles of 230 kV line.,"[""230kV"",""230 kV""]",[230.0],Planned,12/31/32,12/31/32,2032,,"Previous 2026 2027 2028 2029 2030 Total 25,000 $0 $0 $0 $850,000 $18,000,000 $18,875,000",18875000,[],[],https://www.scrtp.com/assets/pdfs/home/2026-2030-2million-and-above-project-descriptions.pdf,DESC 2026-2030 $2 Million and Above Project Descriptions,53,53,HIGH,,,,DESC,DESC,,,,scrtp-2026-desc-current-projects,HIGH,PyMuPDF,1.28.2,"{""balancing_authority_normalized"":{""notes"":null,""origin"":""deterministic_rule"",""rule_id"":""scrtp_desc_utility_v1"",""source_fields"":[""source""]},""in_service_year"":{""notes"":null,""origin"":""derived_from_source"",""rule_id"":""scrtp_desc_date_year_v1"",""source_fields"":[""planned_in_service_date_raw""]},""length_miles"":{""notes"":""Values are preserved independently and are not summed."",""origin"":""derived_from_source"",""rule_id"":""length_miles_v1"",""source_fields"":[""description_raw""]},""project_name_normalized"":{""notes"":null,""origin"":""normalized"",""rule_id"":""project_name_v1"",""source_fields"":[""project_name_raw""]},""project_type"":{""notes"":null,""origin"":""deterministic_rule"",""rule_id"":""project_type_rules_v1"",""source_fields"":[""project_name_raw"",""description_raw""]},""voltage_kv"":{""notes"":null,""origin"":""derived_from_source"",""rule_id"":""voltage_kv_v1"",""source_fields"":[""project_name_raw"",""description_raw"",""supporting_statement_raw""]}}",[40.0],"[""40 miles""]",,scrtp_desc_current_v1,0.1.0,2026,54,54,06810 F,This project is required to address end of life and maintenance issues.,HIGH,project_type_rules_v1,,"Project 54 of 54
Dominion Energy South Carolina
Planned Transmission Projects $2M and above Total
5 Year Budget
VCS2-Ward 230kV: Rebuild Line
Project ID
06810 F
Project Description
Rebuild 40 miles of 230 kV line.
Project Need
This project is required to address end of life and maintenance issues.
Project Status
Planned
Planned In-Service Date
12/31/32
Estimated Project Cost
Previous 2026 2027 2028 2029 2030 Total
25,000 $0 $0 $0 $850,000 $18,000,000 $18,875,000",scrtp,e98bfeb86f2263f790f95f3510a9ab1e1b128c47e4ae633b8ccd27bedfea9b26,This project is required to address end of life and maintenance issues.,[],valid,[]
scrtp-desc-2026-56b175a278b0372be50e,DESC,Wagener 115kV Tap: Construct Tap,Wagener 115kV Tap: Construct Tap,new_construction,Constructing a 115 kV Tap off the Edmund Switching Station- Owens Corning 115 kV Line to feed new Wagener Distribution substation.,"[""115kV"",""115 kV""]",[115.0],Planned,12/31/27,12/31/27,2027,,"Previous 2026 2027 2028 2029 2030 Total $15,000 $175,000 $7,350,000 $0 $0 $0 $7,540,000",7540000,[],[],https://www.scrtp.com/assets/pdfs/home/2026-2030-2million-and-above-project-descriptions.pdf,DESC 2026-2030 $2 Million and Above Project Descriptions,21,21,HIGH,,,,DESC,DESC,,,,scrtp-2026-desc-current-projects,HIGH,PyMuPDF,1.28.2,"{""balancing_authority_normalized"":{""notes"":null,""origin"":""deterministic_rule"",""rule_id"":""scrtp_desc_utility_v1"",""source_fields"":[""source""]},""in_service_year"":{""notes"":null,""origin"":""derived_from_source"",""rule_id"":""scrtp_desc_date_year_v1"",""source_fields"":[""planned_in_service_date_raw""]},""project_name_normalized"":{""notes"":null,""origin"":""normalized"",""rule_id"":""project_name_v1"",""source_fields"":[""project_name_raw""]},""project_type"":{""notes"":null,""origin"":""deterministic_rule"",""rule_id"":""project_type_rules_v1"",""source_fields"":[""project_name_raw"",""description_raw""]},""voltage_kv"":{""notes"":null,""origin"":""derived_from_source"",""rule_id"":""voltage_kv_v1"",""source_fields"":[""project_name_raw"",""description_raw"",""supporting_statement_raw""]}}",[],[],,scrtp_desc_current_v1,0.1.0,2026,22,22,06371 D,Load growth.,HIGH,project_type_rules_v1,,"Project 22 of 54
Dominion Energy South Carolina
Planned Transmission Projects $2M and above Total
5 Year Budget
Wagener 115kV Tap: Construct Tap
Project ID
06371 D
Project Description
Constructing a 115 kV Tap off the Edmund Switching Station- Owens Corning 115 kV Line to feed new
Wagener Distribution substation.
Project Need
Load growth.
Project Status
Planned
Planned In-Service Date
12/31/27
Estimated Project Cost
Previous 2026 2027 2028 2029 2030 Total
$15,000 $175,000 $7,350,000 $0 $0 $0 $7,540,000",scrtp,e98bfeb86f2263f790f95f3510a9ab1e1b128c47e4ae633b8ccd27bedfea9b26,Load growth.,[],valid,[]
scrtp-desc-2026-2f5f6153226830f2478a,DESC,Wateree-Hopkins 230kV Line #1: Rebuild,Wateree-Hopkins 230kV Line #1: Rebuild,line_rebuild,Rebuilding the Wateree - Hopkins 230 kV Line #1. Line will be rebuilt SPSC with 1272 ACSR.,"[""230kV"",""230 kV""]",[230.0],Planned,12/31/2027,12/31/2027,2027,,"Previous 2026 2027 2028 2029 2030 Total $800,000 $100,000 $21,500,000 $0 $0 $0 $22,400,000",22400000,[],[],https://www.scrtp.com/assets/pdfs/home/2026-2030-2million-and-above-project-descriptions.pdf,DESC 2026-2030 $2 Million and Above Project Descriptions,26,26,HIGH,,,,DESC,DESC,,,,scrtp-2026-desc-current-projects,HIGH,PyMuPDF,1.28.2,"{""balancing_authority_normalized"":{""notes"":null,""origin"":""deterministic_rule"",""rule_id"":""scrtp_desc_utility_v1"",""source_fields"":[""source""]},""in_service_year"":{""notes"":null,""origin"":""derived_from_source"",""rule_id"":""scrtp_desc_date_year_v1"",""source_fields"":[""planned_in_service_date_raw""]},""project_name_normalized"":{""notes"":null,""origin"":""normalized"",""rule_id"":""project_name_v1"",""source_fields"":[""project_name_raw""]},""project_type"":{""notes"":null,""origin"":""deterministic_rule"",""rule_id"":""project_type_rules_v1"",""source_fields"":[""project_name_raw"",""description_raw""]},""voltage_kv"":{""notes"":null,""origin"":""derived_from_source"",""rule_id"":""voltage_kv_v1"",""source_fields"":[""project_name_raw"",""description_raw"",""supporting_statement_raw""]}}",[],[],,scrtp_desc_current_v1,0.1.0,2026,27,27,6808 P,This project is required to address end of life and reliability issues on these lines.,HIGH,project_type_rules_v1,,"Project 27 of 54
Dominion Energy South Carolina
Planned Transmission Projects $2M and above Total
5 Year Budget
Wateree-Hopkins 230kV Line #1: Rebuild
Project ID
6808 P
Project Description
Rebuilding the Wateree - Hopkins 230 kV Line #1. Line will be rebuilt SPSC with 1272 ACSR.
Project Need
This project is required to address end of life and reliability issues on these lines.
Project Status
Planned
Planned In-Service Date
12/31/2027
Estimated Project Cost
Previous 2026 2027 2028 2029 2030 Total
$800,000 $100,000 $21,500,000 $0 $0 $0 $22,400,000",scrtp,e98bfeb86f2263f790f95f3510a9ab1e1b128c47e4ae633b8ccd27bedfea9b26,This project is required to address end of life and reliability issues on these lines.,[],valid,[]
scrtp-desc-2026-293622a55138dc3ee32b,DESC,Wateree-Killian 230kV: Rebuild,Wateree-Killian 230kV: Rebuild,line_rebuild,Rebuilding the Wateree - Killian 230 kV Line. Line will be rebuilt SPSC with 1272 ACSR Length - 35 miles,"[""230kV"",""230 kV""]",[230.0],Planned,12/31/29,12/31/29,2029,,"Previous 2026 2027 2028 2029 2030 Total $174,719 $150,000 $200,000 $21,665,000 $22,328,000 $0 $44,517,719",44517719,[],[],https://www.scrtp.com/assets/pdfs/home/2026-2030-2million-and-above-project-descriptions.pdf,DESC 2026-2030 $2 Million and Above Project Descriptions,44,44,HIGH,,,,DESC,DESC,,,,scrtp-2026-desc-current-projects,HIGH,PyMuPDF,1.28.2,"{""balancing_authority_normalized"":{""notes"":null,""origin"":""deterministic_rule"",""rule_id"":""scrtp_desc_utility_v1"",""source_fields"":[""source""]},""in_service_year"":{""notes"":null,""origin"":""derived_from_source"",""rule_id"":""scrtp_desc_date_year_v1"",""source_fields"":[""planned_in_service_date_raw""]},""length_miles"":{""notes"":""Values are preserved independently and are not summed."",""origin"":""derived_from_source"",""rule_id"":""length_miles_v1"",""source_fields"":[""description_raw""]},""project_name_normalized"":{""notes"":null,""origin"":""normalized"",""rule_id"":""project_name_v1"",""source_fields"":[""project_name_raw""]},""project_type"":{""notes"":null,""origin"":""deterministic_rule"",""rule_id"":""project_type_rules_v1"",""source_fields"":[""project_name_raw"",""description_raw""]},""voltage_kv"":{""notes"":null,""origin"":""derived_from_source"",""rule_id"":""voltage_kv_v1"",""source_fields"":[""project_name_raw"",""description_raw"",""supporting_statement_raw""]}}",[35.0],"[""35 miles""]",,scrtp_desc_current_v1,0.1.0,2026,45,45,6808 R,This project is required to address end of life and reliability issues on these lines.,HIGH,project_type_rules_v1,,"Project 45 of 54
Dominion Energy South Carolina
Planned Transmission Projects $2M and above Total
5 Year Budget
Wateree-Killian 230kV: Rebuild
Project ID
6808 R
Project Description
Rebuilding the Wateree - Killian 230 kV Line. Line will be rebuilt SPSC with 1272 ACSR
Length - 35 miles
Project Need
This project is required to address end of life and reliability issues on these lines.
Project Status
Planned
Planned In-Service Date
12/31/29
Estimated Project Cost
Previous 2026 2027 2028 2029 2030 Total
$174,719 $150,000 $200,000 $21,665,000 $22,328,000 $0 $44,517,719",scrtp,e98bfeb86f2263f790f95f3510a9ab1e1b128c47e4ae633b8ccd27bedfea9b26,This project is required to address end of life and reliability issues on these lines.,[],valid,[]
scrtp-desc-2026-e9c1d443c0a9e36ceea8,DESC,"Williams St Sub: Replace Sw House & Relays, AM Williams Sub: Replace Sw House, and McMeekin Sub: Add Sw House","Williams St Sub: Replace Sw House & Relays, AM Williams Sub: Replace Sw House, and McMeekin Sub: Add Sw House",equipment_replacement,"Replace switch house, switch house equipment, and relay panels at Williams Street substation. Replace the switch house at AM Williams substation. Add Switching House at McMeekin Substation to move relays from plant relay room.",[],[],In Progress,12/31/28,12/31/28,2028,,"Previous 2026 2027 2028 2029 2030 Total $2,098,924 $650,000 $1,700,000 $4,134,000 $2,600,000 $0 $11,182,924",11182924,[],[],https://www.scrtp.com/assets/pdfs/home/2026-2030-2million-and-above-project-descriptions.pdf,DESC 2026-2030 $2 Million and Above Project Descriptions,38,38,HIGH,,,,DESC,DESC,,,,scrtp-2026-desc-current-projects,HIGH,PyMuPDF,1.28.2,"{""balancing_authority_normalized"":{""notes"":null,""origin"":""deterministic_rule"",""rule_id"":""scrtp_desc_utility_v1"",""source_fields"":[""source""]},""in_service_year"":{""notes"":null,""origin"":""derived_from_source"",""rule_id"":""scrtp_desc_date_year_v1"",""source_fields"":[""planned_in_service_date_raw""]},""project_name_normalized"":{""notes"":null,""origin"":""normalized"",""rule_id"":""project_name_v1"",""source_fields"":[""project_name_raw""]},""project_type"":{""notes"":null,""origin"":""deterministic_rule"",""rule_id"":""project_type_rules_v1"",""source_fields"":[""project_name_raw"",""description_raw""]}}",[],[],,scrtp_desc_current_v1,0.1.0,2026,39,39,"1060A, I, L",This project is required to address end of life and maintenance issues on these transformers.,HIGH,project_type_rules_v1,,"Project 39 of 54
Dominion Energy South Carolina
Planned Transmission Projects $2M and above Total
5 Year Budget
Williams St Sub: Replace Sw House & Relays, AM Williams Sub: Replace
Sw House, and McMeekin Sub: Add Sw House
Project ID
1060A, I, L
Project Description
Replace switch house, switch house equipment, and relay panels at Williams Street substation. Replace
the switch house at AM Williams substation. Add Switching House at McMeekin Substation to move
relays from plant relay room.
Project Need
This project is required to address end of life and maintenance issues on these transformers.
Project Status
In Progress
Planned In-Service Date
12/31/28
Estimated Project Cost
Previous 2026 2027 2028 2029 2030 Total
$2,098,924 $650,000 $1,700,000 $4,134,000 $2,600,000 $0 $11,182,924",scrtp,e98bfeb86f2263f790f95f3510a9ab1e1b128c47e4ae633b8ccd27bedfea9b26,This project is required to address end of life and maintenance issues on these transformers.,[],valid,[]
scrtp-desc-2026-21cc4cdc9245c53a9d6d,DESC,Williams-Summerville 230kV: Upgrade to SPDC B1272 ACSR,Williams-Summerville 230kV: Upgrade to SPDC B1272 ACSR,line_rebuild,Rebuild the section of the Williams - Summerville 230 kV line from Ladson Jct to Williams. Line to upgraded to B-1272 and designed for a future second circuit. Approximately 10 miles.,"[""230kV"",""230 kV""]",[230.0],Planned,05/01/2028,05/01/2028,2028,,"Previous 2026 2027 2028 2029 2030 Total $10,000 $175,000 $22,734,648 $8,000,000 $0 $0 $31,100,000",31100000,[],[],https://www.scrtp.com/assets/pdfs/home/2026-2030-2million-and-above-project-descriptions.pdf,DESC 2026-2030 $2 Million and Above Project Descriptions,30,30,HIGH,,,,DESC,DESC,,,,scrtp-2026-desc-current-projects,HIGH,PyMuPDF,1.28.2,"{""balancing_authority_normalized"":{""notes"":null,""origin"":""deterministic_rule"",""rule_id"":""scrtp_desc_utility_v1"",""source_fields"":[""source""]},""in_service_year"":{""notes"":null,""origin"":""derived_from_source"",""rule_id"":""scrtp_desc_date_year_v1"",""source_fields"":[""planned_in_service_date_raw""]},""length_miles"":{""notes"":""Values are preserved independently and are not summed."",""origin"":""derived_from_source"",""rule_id"":""length_miles_v1"",""source_fields"":[""description_raw""]},""project_name_normalized"":{""notes"":null,""origin"":""normalized"",""rule_id"":""project_name_v1"",""source_fields"":[""project_name_raw""]},""project_type"":{""notes"":null,""origin"":""deterministic_rule"",""rule_id"":""project_type_rules_v1"",""source_fields"":[""project_name_raw"",""description_raw""]},""voltage_kv"":{""notes"":null,""origin"":""derived_from_source"",""rule_id"":""voltage_kv_v1"",""source_fields"":[""project_name_raw"",""description_raw"",""supporting_statement_raw""]}}",[10.0],"[""10 miles""]",,scrtp_desc_current_v1,0.1.0,2026,31,31,6388 A,This project is needed to improve system performance and to meet NERC TPL and internal DESC Planning Criteria for reliability.,HIGH,project_type_rules_v1,,"Project 31 of 54
Dominion Energy South Carolina
Planned Transmission Projects $2M and above Total
5 Year Budget
Williams-Summerville 230kV: Upgrade to SPDC B1272 ACSR
Project ID
6388 A
Project Description
Rebuild the section of the Williams - Summerville 230 kV line from Ladson Jct to Williams. Line to
upgraded to B-1272 and designed for a future second circuit. Approximately 10 miles.
Project Need
This project is needed to improve system performance and to meet NERC TPL and internal DESC
Planning Criteria for reliability.
Project Status
Planned
Planned In-Service Date
05/01/2028
Estimated Project Cost
Previous 2026 2027 2028 2029 2030 Total
$10,000 $175,000 $22,734,648 $8,000,000 $0 $0 $31,100,000",scrtp,e98bfeb86f2263f790f95f3510a9ab1e1b128c47e4ae633b8ccd27bedfea9b26,This project is needed to improve system performance and to meet NERC TPL and internal DESC Planning Criteria for reliability.,[],valid,[]
scrtp-desc-2026-280ebdf1b72250caeba3,DESC,Winnsboro West 230-115 kV Sub and Fold-in: Construct,Winnsboro West 230-115 kV Sub and Fold-in: Construct,new_construction,Construct new 230-115 kV substation and fold in the Parr – Winnsboro 115 kV #1 and VCS1 – Killian 230 kV lines into the new substation.,"[""115 kV"",""230 kV""]","[115.0,230.0]",In Progress,1/31/2028,1/31/2028,2028,,"Estimated cost of $23,272,000 is to be financed by the interconnection customer. DESC will reimburse the full cost of the assigned upgrade to the interconnection customer after commercial operation of the uprated Parr Gas Turbines GT1 and GT2.",23272000,[],[],https://www.scrtp.com/assets/pdfs/home/2026-2030-2million-and-above-project-descriptions.pdf,DESC 2026-2030 $2 Million and Above Project Descriptions,29,29,HIGH,,,,DESC,DESC,,,,scrtp-2026-desc-current-projects,HIGH,PyMuPDF,1.28.2,"{""balancing_authority_normalized"":{""notes"":null,""origin"":""deterministic_rule"",""rule_id"":""scrtp_desc_utility_v1"",""source_fields"":[""source""]},""in_service_year"":{""notes"":null,""origin"":""derived_from_source"",""rule_id"":""scrtp_desc_date_year_v1"",""source_fields"":[""planned_in_service_date_raw""]},""project_name_normalized"":{""notes"":null,""origin"":""normalized"",""rule_id"":""project_name_v1"",""source_fields"":[""project_name_raw""]},""project_type"":{""notes"":null,""origin"":""deterministic_rule"",""rule_id"":""project_type_rules_v1"",""source_fields"":[""project_name_raw"",""description_raw""]},""voltage_kv"":{""notes"":null,""origin"":""derived_from_source"",""rule_id"":""voltage_kv_v1"",""source_fields"":[""project_name_raw"",""description_raw"",""supporting_statement_raw""]}}",[],[],,scrtp_desc_current_v1,0.1.0,2026,30,30,6873,This project is needed to uprate the Parr Gas Turbines GT1 and GT2 in accordance with the DESC Transitional Cluster System Impact Study.,HIGH,project_type_rules_v1,,"Project 30 of 54
Dominion Energy South Carolina
Planned Transmission Projects $2M and above Total
5 Year Budget
Winnsboro West 230-115 kV Sub and Fold-in: Construct
Project ID
6873
Project Description
Construct new 230-115 kV substation and fold in the Parr – Winnsboro 115 kV #1 and VCS1 – Killian 230
kV lines into the new substation.
Project Need
This project is needed to uprate the Parr Gas Turbines GT1 and GT2 in accordance with the DESC
Transitional Cluster System Impact Study.
Project Status
In Progress
Planned In-Service Date
1/31/2028
Estimated Project Cost
Estimated cost of $23,272,000 is to be financed by the interconnection customer. DESC will reimburse
the full cost of the assigned upgrade to the interconnection customer after commercial operation of the
uprated Parr Gas Turbines GT1 and GT2.",scrtp,e98bfeb86f2263f790f95f3510a9ab1e1b128c47e4ae633b8ccd27bedfea9b26,This project is needed to uprate the Parr Gas Turbines GT1 and GT2 in accordance with the DESC Transitional Cluster System Impact Study.,[],valid,[]
scrtp-desc-2026-24a209cdb86fc26f12eb,DESC,Yemassee– Ritter 230kV #1 & #2: Construct SPDC with B-1272,Yemassee- Ritter 230kV #1 & #2: Construct SPDC with B-1272,new_construction,Construct Ritter – Yemassee 230kV #1 and #2 SPDC with B1272 ACSR on both sides. Convert the existing Ritter – Yemassee 230 kV to 115 kV operation. Convert and add terminals at Ritter and Yemassee. Add 230 kV bus tie at Ritter and upgrade the Yemassee 230 kV bus tie.,"[""230kV"",""230 kV"",""115 kV""]","[230.0,115.0]",In Progress,6/1/2027,6/1/2027,2027,,"Previous 2026 2027 2028 2029 2030 Total $28,424,742 $8,487,000 $2,155,000 $0 $0 $0 $39,066,742",39066742,[],[],https://www.scrtp.com/assets/pdfs/home/2026-2030-2million-and-above-project-descriptions.pdf,DESC 2026-2030 $2 Million and Above Project Descriptions,16,16,HIGH,,,,DESC,DESC,,,,scrtp-2026-desc-current-projects,HIGH,PyMuPDF,1.28.2,"{""balancing_authority_normalized"":{""notes"":null,""origin"":""deterministic_rule"",""rule_id"":""scrtp_desc_utility_v1"",""source_fields"":[""source""]},""in_service_year"":{""notes"":null,""origin"":""derived_from_source"",""rule_id"":""scrtp_desc_date_year_v1"",""source_fields"":[""planned_in_service_date_raw""]},""project_name_normalized"":{""notes"":null,""origin"":""normalized"",""rule_id"":""project_name_v1"",""source_fields"":[""project_name_raw""]},""project_type"":{""notes"":null,""origin"":""deterministic_rule"",""rule_id"":""project_type_rules_v1"",""source_fields"":[""project_name_raw"",""description_raw""]},""voltage_kv"":{""notes"":null,""origin"":""derived_from_source"",""rule_id"":""voltage_kv_v1"",""source_fields"":[""project_name_raw"",""description_raw"",""supporting_statement_raw""]}}",[],[],,scrtp_desc_current_v1,0.1.0,2026,17,17,6359,This project is needed to improve system performance and to meet NERC TPL and internal DESC Planning Criteria for reliability.,HIGH,project_type_rules_v1,,"Project 17 of 54
Dominion Energy South Carolina
Planned Transmission Projects $2M and above Total
5 Year Budget
Yemassee– Ritter 230kV #1 & #2: Construct SPDC with B-1272
Project ID
6359
Project Description
Construct Ritter – Yemassee 230kV #1 and #2 SPDC with B1272 ACSR on both sides. Convert the existing
Ritter – Yemassee 230 kV to 115 kV operation. Convert and add terminals at Ritter and Yemassee. Add
230 kV bus tie at Ritter and upgrade the Yemassee 230 kV bus tie.
Project Need
This project is needed to improve system performance and to meet NERC TPL and internal DESC
Planning Criteria for reliability.
Project Status
In Progress
Planned In-Service Date
6/1/2027
Estimated Project Cost
Previous 2026 2027 2028 2029 2030 Total
$28,424,742 $8,487,000 $2,155,000 $0 $0 $0 $39,066,742",scrtp,e98bfeb86f2263f790f95f3510a9ab1e1b128c47e4ae633b8ccd27bedfea9b26,This project is needed to improve system performance and to meet NERC TPL and internal DESC Planning Criteria for reliability.,[],valid,[]
georgia-power-2026-f86ec735e2182af8b86e,GPC,Ashley Park – Wansley 500 kV,Ashley Park - Wansley 500 kV,new_transmission_line,"The Ashley Park – Wansley 500kV Transmission Project consists of a new 35-mile transmission line that will run between the Ashley Park Substation in Fayette County and Plant Wansley in Heard County, crossing through Fulton and Coweta counties. This project is part of our ongoing commitment to strengthen and expand the electric grid as identified in our Integrated Resource Plan. This critical infrastructure is designed to enhance system reliability, support Georgia’s evolving energy needs, and ensure safe, resilient service for decades to come.","[""500 kV"",""500kV""]",[500.0],,,Q2 2028,,"[""Q1 2026 | Community Meetings See Dates & Locations"",""Q1 2027 | Line Clearing & Grading Begins"",""Q3 2027 | Line Construction begins"",""Q2 2028 | Project complete""]",,,"[""Ashley Park"",""Wansley""]","[""Fayette & Heard counties""]",https://www.georgiapower.com/about/grid-reliability/grid-improvements/grid-projects/transmission-projects/ashley-park.html,Ashley Park – Wansley 500 kV,9,9,MEDIUM,,,,GPC,GPC,Q2 2028 | Project complete,"[""Q3 2027 | Line Construction begins""]",Fayette & Heard counties,georgia-power-2026-current-transmission-projects,HIGH,BeautifulSoup,4.15.0,"{""balancing_authority_normalized"":{""notes"":null,""origin"":""deterministic_rule"",""rule_id"":""georgia_power_utility_v1"",""source_fields"":[""source""]},""endpoint_candidates"":{""notes"":""Text candidates only; no geocoding or entity resolution applied."",""origin"":""derived_from_source"",""rule_id"":""location_candidates_v1"",""source_fields"":[""project_name_raw""]},""length_miles"":{""notes"":""Values are preserved independently and are not summed."",""origin"":""derived_from_source"",""rule_id"":""length_miles_v1"",""source_fields"":[""description_raw""]},""location_mentions"":{""notes"":""Published county/region text only; no geocoding applied."",""origin"":""derived_from_source"",""rule_id"":""georgia_power_county_region_v1"",""source_fields"":[""county_region_raw""]},""project_name_normalized"":{""notes"":null,""origin"":""normalized"",""rule_id"":""project_name_v1"",""source_fields"":[""project_name_raw""]},""project_type"":{""notes"":null,""origin"":""normalized"",""rule_id"":""georgia_power_published_type_v1"",""source_fields"":[""project_type_raw""]},""voltage_kv"":{""notes"":null,""origin"":""derived_from_source"",""rule_id"":""voltage_kv_v1"",""source_fields"":[""project_name_raw"",""description_raw"",""supporting_statement_raw""]}}",[35.0],"[""35-mile""]",,georgia_power_current_v1,0.1.0,2026,,,,,HIGH,georgia_power_published_type_v1,New Transmission Line,"Project Name: Ashley Park – Wansley 500 kV
County/Region: Fayette & Heard counties
Type: New Transmission Line
About the Project: The Ashley Park – Wansley 500kV Transmission Project consists of a new 35-mile transmission line that will run between the Ashley Park Substation in Fayette County and Plant Wansley in Heard County, crossing through Fulton and Coweta counties. This project is part of our ongoing commitment to strengthen and expand the electric grid as identified in our Integrated Resource Plan. This critical infrastructure is designed to enhance system reliability, support Georgia’s evolving energy needs, and ensure safe, resilient service for decades to come.
Timeline: Q1 2026 | Community Meetings See Dates & Locations
Timeline: Q1 2027 | Line Clearing & Grading Begins
Timeline: Q3 2027 | Line Construction begins
Timeline: Q2 2028 | Project complete",georgia_power,e86d96a5eaf38d73ecfbad9d5aa0d183e8737841df3eb8abda8f6582d2e18915,,"[""The source record has no supporting statement.""]",review,"[""MISSING_SUPPORTING_STATEMENT""]"
georgia-power-2026-31e73b6a22013b33f193,GPC,Big Tazewell - Farley 500 kV,Big Tazewell - Farley 500 kV,new_transmission_line,"As part of Georgia Power’s ongoing investment in a stronger, more resilient transmission system, the Big Tazewell–Farley 500 kV Transmission Line Project includes construction of an approximately 102‑mile transmission line extending from the Farley Switching Station in Houston County, Alabama, to the new Big Tazewell 500 kV Substation in Marion County, Georgia. Crossing six Georgia counties and one Alabama county, the project will enhance grid reliability, support Georgia’s growing energy needs, and help ensure dependable electric service for customers while minimizing community impacts and maintaining ongoing engagement with local stakeholders.","[""500 kV""]",[500.0],,,,,"[""Q3 2025 | Survey Notification for Line Began"",""Q4 2025 | Substation Land Acquisition Began"",""Q1 2026 | Land Acquisition Activities for Line Began"",""Q1-Q2 2026 | Community Meetings See Dates & Locations"",""Q3 2026 | Line Clearing and Grading Begins"",""Q1 2027 | Substation Construction Begins"",""Q2 2027 | Line Construction Begins"",""Q2 2028 | Substation Complete"",""Q4 2028 | Line Construction Complete""]",,,"[""Big Tazewell"",""Farley""]","[""Chattahoochee, Clay, Early, Marion, Quitman, & Stewart counties""]",https://www.georgiapower.com/about/grid-reliability/grid-improvements/grid-projects/transmission-projects/big-tazewell-farley.html,Big Tazewell - Farley 500 kV,1,1,MEDIUM,,,,GPC,GPC,,"[""Q1 2027 | Substation Construction Begins"",""Q2 2027 | Line Construction Begins""]","Chattahoochee, Clay, Early, Marion, Quitman, & Stewart counties",georgia-power-2026-current-transmission-projects,HIGH,BeautifulSoup,4.15.0,"{""balancing_authority_normalized"":{""notes"":null,""origin"":""deterministic_rule"",""rule_id"":""georgia_power_utility_v1"",""source_fields"":[""source""]},""endpoint_candidates"":{""notes"":""Text candidates only; no geocoding or entity resolution applied."",""origin"":""derived_from_source"",""rule_id"":""location_candidates_v1"",""source_fields"":[""project_name_raw""]},""length_miles"":{""notes"":""Values are preserved independently and are not summed."",""origin"":""derived_from_source"",""rule_id"":""length_miles_v1"",""source_fields"":[""description_raw""]},""location_mentions"":{""notes"":""Published county/region text only; no geocoding applied."",""origin"":""derived_from_source"",""rule_id"":""georgia_power_county_region_v1"",""source_fields"":[""county_region_raw""]},""project_name_normalized"":{""notes"":null,""origin"":""normalized"",""rule_id"":""project_name_v1"",""source_fields"":[""project_name_raw""]},""project_type"":{""notes"":null,""origin"":""normalized"",""rule_id"":""georgia_power_published_type_v1"",""source_fields"":[""project_type_raw""]},""voltage_kv"":{""notes"":null,""origin"":""derived_from_source"",""rule_id"":""voltage_kv_v1"",""source_fields"":[""project_name_raw"",""description_raw"",""supporting_statement_raw""]}}",[102.0],"[""102‑mile""]",,georgia_power_current_v1,0.1.0,2026,,,,,HIGH,georgia_power_published_type_v1,New Transmission Line,"Project Name: Big Tazewell - Farley 500 kV
County/Region: Chattahoochee, Clay, Early, Marion, Quitman, & Stewart counties
Type: New Transmission Line
About the Project: As part of Georgia Power’s ongoing investment in a stronger, more resilient transmission system, the Big Tazewell–Farley 500 kV Transmission Line Project includes construction of an approximately 102‑mile transmission line extending from the Farley Switching Station in Houston County, Alabama, to the new Big Tazewell 500 kV Substation in Marion County, Georgia. Crossing six Georgia counties and one Alabama county, the project will enhance grid reliability, support Georgia’s growing energy needs, and help ensure dependable electric service for customers while minimizing community impacts and maintaining ongoing engagement with local stakeholders.
Timeline: Q3 2025 | Survey Notification for Line Began
Timeline: Q4 2025 | Substation Land Acquisition Began
Timeline: Q1 2026 | Land Acquisition Activities for Line Began
Timeline: Q1-Q2 2026 | Community Meetings See Dates & Locations
Timeline: Q3 2026 | Line Clearing and Grading Begins
Timeline: Q1 2027 | Substation Construction Begins
Timeline: Q2 2027 | Line Construction Begins
Timeline: Q2 2028 | Substation Complete
Timeline: Q4 2028 | Line Construction Complete",georgia_power,848953f0a53322baea72191763ca7e8c3f07cef72924173c81dedcc4341c77ae,,"[""The source record has no supporting statement.""]",review,"[""MISSING_SUPPORTING_STATEMENT""]"
georgia-power-2026-4a60199d0029a784348e,GPC,Callaway Road - Thomson Primary 500 kV,Callaway Road - Thomson Primary 500 kV,area_project,"Georgia Power is planning the Callaway Road – Thomson Primary 500 kV Area Transmission Project. The project will include a new 500/230 kV Callaway Road Substation, approximately 17 miles of new 500 kV transmission infrastructure, and associated facilities in McDuffie and Columbia Counties. The project is being planned to provide the transmission infrastructure needed to serve a large-load customer while also strengthening the local electric grid in a rapidly growing area. These improvements are expected to add capacity, enhance reliability for homes and businesses, and help support continued growth and evolving energy needs. As planning progresses, project details will continue to be refined based on engineering, environmental, and routing studies.","[""500 kV"",""500/230 kV"",""230 kV""]","[500.0,230.0]",,,,,"[""Early Spring 2026 | Substation Location Process Began Line Location Process Began"",""Summer 2026 | Substation Survey Notification to Property Owners Line Survey Notification to Property Owners"",""Late Summer 2026 | Substation Land Acquisition Begins"",""Winter 2026 | Substation Clearing and Grading Begins"",""Spring 2027 | Substation Construction Begins Line Land Acquisition Begins"",""Summer 2027 | Line Clearing and Grading Begins Line Construction Begins""]",,,"[""Callaway Road"",""Thomson Primary""]","[""Columbia & McDuffie counties""]",https://www.georgiapower.com/about/grid-reliability/grid-improvements/grid-projects/transmission-projects/callaway-thomson.html,Callaway Road - Thomson Primary 500 kV,3,3,HIGH,,,,GPC,GPC,,"[""Spring 2027 | Substation Construction Begins Line Land Acquisition Begins"",""Summer 2027 | Line Clearing and Grading Begins Line Construction Begins""]",Columbia & McDuffie counties,georgia-power-2026-current-transmission-projects,HIGH,BeautifulSoup,4.15.0,"{""balancing_authority_normalized"":{""notes"":null,""origin"":""deterministic_rule"",""rule_id"":""georgia_power_utility_v1"",""source_fields"":[""source""]},""endpoint_candidates"":{""notes"":""Text candidates only; no geocoding or entity resolution applied."",""origin"":""derived_from_source"",""rule_id"":""location_candidates_v1"",""source_fields"":[""project_name_raw""]},""length_miles"":{""notes"":""Values are preserved independently and are not summed."",""origin"":""derived_from_source"",""rule_id"":""length_miles_v1"",""source_fields"":[""description_raw""]},""location_mentions"":{""notes"":""Published county/region text only; no geocoding applied."",""origin"":""derived_from_source"",""rule_id"":""georgia_power_county_region_v1"",""source_fields"":[""county_region_raw""]},""project_name_normalized"":{""notes"":null,""origin"":""normalized"",""rule_id"":""project_name_v1"",""source_fields"":[""project_name_raw""]},""project_type"":{""notes"":null,""origin"":""normalized"",""rule_id"":""georgia_power_published_type_v1"",""source_fields"":[""project_type_raw""]},""voltage_kv"":{""notes"":null,""origin"":""derived_from_source"",""rule_id"":""voltage_kv_v1"",""source_fields"":[""project_name_raw"",""description_raw"",""supporting_statement_raw""]}}","[17.0,10.0,7.0]","[""17 miles"",""10 miles"",""7 miles""]",,georgia_power_current_v1,0.1.0,2026,,,,,HIGH,georgia_power_published_type_v1,Area Project,"Project Name: Callaway Road - Thomson Primary 500 kV
County/Region: Columbia & McDuffie counties
Type: Area Project
About the Project: Georgia Power is planning the Callaway Road – Thomson Primary 500 kV Area Transmission Project. The project will include a new 500/230 kV Callaway Road Substation, approximately 17 miles of new 500 kV transmission infrastructure, and associated facilities in McDuffie and Columbia Counties. The project is being planned to provide the transmission infrastructure needed to serve a large-load customer while also strengthening the local electric grid in a rapidly growing area. These improvements are expected to add capacity, enhance reliability for homes and businesses, and help support continued growth and evolving energy needs. As planning progresses, project details will continue to be refined based on engineering, environmental, and routing studies.
What's Included: Certain project components are designed to serve the large load customer site, while all improvements contribute to strengthening the overall transmission system. Callaway Road Substation : Construction of a new substation in Columbia County to support both 500 kV and 230 kV transmission infrastructure. Callaway Road–Thomson #1 500 kV Transmission Line : Approximately 10 miles of new 500 kV transmission line in McDuffie and Columbia counties. Callaway Road–Thomson #2 500 kV Transmission Line : Approximately 7 miles of new 500 kV transmission line in McDuffie and Columbia counties. the electric grid with added transmission capacity large-load demands while reinforcing local system for growing energy needs in Georgia.
Timeline: Early Spring 2026 | Substation Location Process Began Line Location Process Began
Timeline: Summer 2026 | Substation Survey Notification to Property Owners Line Survey Notification to Property Owners
Timeline: Late Summer 2026 | Substation Land Acquisition Begins
Timeline: Winter 2026 | Substation Clearing and Grading Begins
Timeline: Spring 2027 | Substation Construction Begins Line Land Acquisition Begins
Timeline: Summer 2027 | Line Clearing and Grading Begins Line Construction Begins",georgia_power,c0edd9cd6586ac514b6518d92225ff9f7855768b3b06f91497e23458d81411f8,"Certain project components are designed to serve the large load customer site, while all improvements contribute to strengthening the overall transmission system. Callaway Road Substation : Construction of a new substation in Columbia County to support both 500 kV and 230 kV transmission infrastructure. Callaway Road–Thomson #1 500 kV Transmission Line : Approximately 10 miles of new 500 kV transmission line in McDuffie and Columbia counties. Callaway Road–Thomson #2 500 kV Transmission Line : Approximately 7 miles of new 500 kV transmission line in McDuffie and Columbia counties. the electric grid with added transmission capacity large-load demands while reinforcing local system for growing energy needs in Georgia.",[],valid,[]
georgia-power-2026-85c6d93852f8eda4b276,GPC,Conyers – Klondike 230 kV,Conyers - Klondike 230 kV,new_transmission_line,"The Conyers – Klondike 230 kV project consists of a new 8.5-mile transmission line that will run between the Conyers Substation in Rockdale County and the Klondike Substation in Dekalb County. In some locations, the Conyers–Klondike 230 kV transmission line will follow the existing Conyers - Klondike 230 kV transmission corridor. In other areas, a new corridor will be created where required by the project design. This project is part of our ongoing commitment to strengthen and expand the electric grid. This critical infrastructure is designed to enhance system reliability, support Georgia’s evolving energy needs, and ensure safe, resilient service for decades to come.","[""230 kV""]",[230.0],,,Q1 2028,,"[""Q2-Q3 2026 | Community Meetings See Dates & Locations"",""Q3-Q4 2026 | Easement Acquisition Begins"",""Q4 2026 | Line Clearing and Grading Begins"",""Q1 2027 | Line Construction Begins"",""Q1 2028 | Project complete""]",,,"[""Conyers"",""Klondike""]","[""Dekalb & Rockdale counties""]",https://www.georgiapower.com/about/grid-reliability/grid-improvements/grid-projects/transmission-projects/conyers-klondike.html,Conyers – Klondike 230 kV,8,8,MEDIUM,,,,GPC,GPC,Q1 2028 | Project complete,"[""Q1 2027 | Line Construction Begins""]",Dekalb & Rockdale counties,georgia-power-2026-current-transmission-projects,HIGH,BeautifulSoup,4.15.0,"{""balancing_authority_normalized"":{""notes"":null,""origin"":""deterministic_rule"",""rule_id"":""georgia_power_utility_v1"",""source_fields"":[""source""]},""endpoint_candidates"":{""notes"":""Text candidates only; no geocoding or entity resolution applied."",""origin"":""derived_from_source"",""rule_id"":""location_candidates_v1"",""source_fields"":[""project_name_raw""]},""length_miles"":{""notes"":""Values are preserved independently and are not summed."",""origin"":""derived_from_source"",""rule_id"":""length_miles_v1"",""source_fields"":[""description_raw""]},""location_mentions"":{""notes"":""Published county/region text only; no geocoding applied."",""origin"":""derived_from_source"",""rule_id"":""georgia_power_county_region_v1"",""source_fields"":[""county_region_raw""]},""project_name_normalized"":{""notes"":null,""origin"":""normalized"",""rule_id"":""project_name_v1"",""source_fields"":[""project_name_raw""]},""project_type"":{""notes"":null,""origin"":""normalized"",""rule_id"":""georgia_power_published_type_v1"",""source_fields"":[""project_type_raw""]},""voltage_kv"":{""notes"":null,""origin"":""derived_from_source"",""rule_id"":""voltage_kv_v1"",""source_fields"":[""project_name_raw"",""description_raw"",""supporting_statement_raw""]}}",[8.5],"[""8.5-mile""]",,georgia_power_current_v1,0.1.0,2026,,,,,HIGH,georgia_power_published_type_v1,New Transmission Line,"Project Name: Conyers – Klondike 230 kV
County/Region: Dekalb & Rockdale counties
Type: New Transmission Line
About the Project: The Conyers – Klondike 230 kV project consists of a new 8.5-mile transmission line that will run between the Conyers Substation in Rockdale County and the Klondike Substation in Dekalb County. In some locations, the Conyers–Klondike 230 kV transmission line will follow the existing Conyers - Klondike 230 kV transmission corridor. In other areas, a new corridor will be created where required by the project design. This project is part of our ongoing commitment to strengthen and expand the electric grid. This critical infrastructure is designed to enhance system reliability, support Georgia’s evolving energy needs, and ensure safe, resilient service for decades to come.
Timeline: Q2-Q3 2026 | Community Meetings See Dates & Locations
Timeline: Q3-Q4 2026 | Easement Acquisition Begins
Timeline: Q4 2026 | Line Clearing and Grading Begins
Timeline: Q1 2027 | Line Construction Begins
Timeline: Q1 2028 | Project complete",georgia_power,9e17a3ab78a83556883641281c4ee9daf4653e7b419f9d5cb1292463f61cb1b9,,"[""The source record has no supporting statement.""]",review,"[""MISSING_SUPPORTING_STATEMENT""]"
georgia-power-2026-f4697ce681309cdee657,GPC,Decatur - Scottdale 115 kV,Decatur - Scottdale 115 kV,transmission_line_upgrade,"As part of long-term investments in Georgia Power’s statewide transmission system, this project includes rebuilding the existing approximately 2.5‑mile Decatur – Scottdale 115 kV transmission line between the Scottdale Substation in DeKalb County and the Decatur Substation on East College Avenue, as well as relocating approximately 0.7 miles of line. This is a rebuild project driven by the age of the existing infrastructure, which was originally constructed in 1965. This project is part of Georgia Power’s ongoing commitment to strengthen and expand the electric grid. By replacing aging infrastructure with more modern materials and design, the project will enhance system reliability, support Georgia’s evolving energy needs, and help ensure safe, resilient electric service for decades to come.","[""115 kV""]",[115.0],,,Q4 2027,,"[""Q4 2026 | Line Clearing Begins"",""Q1 2027 | Construction Begins"",""Q4 2027 | Project Completion""]",,,"[""Decatur"",""Scottdale""]","[""Dekalb County""]",https://www.georgiapower.com/about/grid-reliability/grid-improvements/grid-projects/transmission-projects/decatur-scottdale.html,Decatur - Scottdale 115 kV,2,2,MEDIUM,,,,GPC,GPC,Q4 2027 | Project Completion,"[""Q1 2027 | Construction Begins""]",Dekalb County,georgia-power-2026-current-transmission-projects,HIGH,BeautifulSoup,4.15.0,"{""balancing_authority_normalized"":{""notes"":null,""origin"":""deterministic_rule"",""rule_id"":""georgia_power_utility_v1"",""source_fields"":[""source""]},""endpoint_candidates"":{""notes"":""Text candidates only; no geocoding or entity resolution applied."",""origin"":""derived_from_source"",""rule_id"":""location_candidates_v1"",""source_fields"":[""project_name_raw""]},""length_miles"":{""notes"":""Values are preserved independently and are not summed."",""origin"":""derived_from_source"",""rule_id"":""length_miles_v1"",""source_fields"":[""description_raw""]},""location_mentions"":{""notes"":""Published county/region text only; no geocoding applied."",""origin"":""derived_from_source"",""rule_id"":""georgia_power_county_region_v1"",""source_fields"":[""county_region_raw""]},""project_name_normalized"":{""notes"":null,""origin"":""normalized"",""rule_id"":""project_name_v1"",""source_fields"":[""project_name_raw""]},""project_type"":{""notes"":null,""origin"":""normalized"",""rule_id"":""georgia_power_published_type_v1"",""source_fields"":[""project_type_raw""]},""voltage_kv"":{""notes"":null,""origin"":""derived_from_source"",""rule_id"":""voltage_kv_v1"",""source_fields"":[""project_name_raw"",""description_raw"",""supporting_statement_raw""]}}","[2.5,0.7]","[""2.5‑mile"",""0.7 miles""]",,georgia_power_current_v1,0.1.0,2026,,,,,HIGH,georgia_power_published_type_v1,Transmission Line Upgrade,"Project Name: Decatur - Scottdale 115 kV
County/Region: Dekalb County
Type: Transmission Line Upgrade
About the Project: As part of long-term investments in Georgia Power’s statewide transmission system, this project includes rebuilding the existing approximately 2.5‑mile Decatur – Scottdale 115 kV transmission line between the Scottdale Substation in DeKalb County and the Decatur Substation on East College Avenue, as well as relocating approximately 0.7 miles of line. This is a rebuild project driven by the age of the existing infrastructure, which was originally constructed in 1965. This project is part of Georgia Power’s ongoing commitment to strengthen and expand the electric grid. By replacing aging infrastructure with more modern materials and design, the project will enhance system reliability, support Georgia’s evolving energy needs, and help ensure safe, resilient electric service for decades to come.
Timeline: Q4 2026 | Line Clearing Begins
Timeline: Q1 2027 | Construction Begins
Timeline: Q4 2027 | Project Completion",georgia_power,3014f6d9774fa4c719d6fdc9e8895b0b68c4fbb085a2e891f745eab137a3e8b6,,"[""The source record has no supporting statement.""]",review,"[""MISSING_SUPPORTING_STATEMENT""]"
georgia-power-2026-83a79bb18ac6d7434a20,GPC,Effingham County 500 kV,Effingham County 500 kV,area_project,"The project is expected to include a new 500/230 kV Effingham County Substation , new 500 kV transmission infrastructure, and associated facilities. The project is being planned to provide the transmission infrastructure needed to serve a large-load customer while also strengthening the local electric grid in a rapidly growing area. These improvements will add capacity, enhance reliability for homes and businesses, and help support continued growth and evolving energy needs. Although some project elements are designed to meet specific customer requirements, the improvements are also expected to strengthen the transmission network and support future growth. As planning progresses, project details will be refined based on engineering, environmental, and routing studies.","[""500 kV"",""500/230 kV""]","[500.0,230.0]",,,,,"[""Summer 2026 | Substation survey notifications to property owners"",""Fall 2026 | Substation land acquisition activities begin"",""Spring 2027 | Substation clearing and grading begins"",""Fall 2027 | Substation construction activities begin""]",,,[],"[""Effingham County""]",https://www.georgiapower.com/about/grid-reliability/grid-improvements/grid-projects/transmission-projects/effingham-county.html,Effingham County 500 kV,4,4,MEDIUM,,,,GPC,GPC,,"[""Fall 2027 | Substation construction activities begin""]",Effingham County,georgia-power-2026-current-transmission-projects,HIGH,BeautifulSoup,4.15.0,"{""balancing_authority_normalized"":{""notes"":null,""origin"":""deterministic_rule"",""rule_id"":""georgia_power_utility_v1"",""source_fields"":[""source""]},""location_mentions"":{""notes"":""Published county/region text only; no geocoding applied."",""origin"":""derived_from_source"",""rule_id"":""georgia_power_county_region_v1"",""source_fields"":[""county_region_raw""]},""project_name_normalized"":{""notes"":null,""origin"":""normalized"",""rule_id"":""project_name_v1"",""source_fields"":[""project_name_raw""]},""project_type"":{""notes"":null,""origin"":""normalized"",""rule_id"":""georgia_power_published_type_v1"",""source_fields"":[""project_type_raw""]},""voltage_kv"":{""notes"":null,""origin"":""derived_from_source"",""rule_id"":""voltage_kv_v1"",""source_fields"":[""project_name_raw"",""description_raw"",""supporting_statement_raw""]}}",[],[],,georgia_power_current_v1,0.1.0,2026,,,,,HIGH,georgia_power_published_type_v1,Area Project,"Project Name: Effingham County 500 kV
County/Region: Effingham County
Type: Area Project
About the Project: The project is expected to include a new 500/230 kV Effingham County Substation , new 500 kV transmission infrastructure, and associated facilities. The project is being planned to provide the transmission infrastructure needed to serve a large-load customer while also strengthening the local electric grid in a rapidly growing area. These improvements will add capacity, enhance reliability for homes and businesses, and help support continued growth and evolving energy needs. Although some project elements are designed to meet specific customer requirements, the improvements are also expected to strengthen the transmission network and support future growth. As planning progresses, project details will be refined based on engineering, environmental, and routing studies.
Timeline: Summer 2026 | Substation survey notifications to property owners
Timeline: Fall 2026 | Substation land acquisition activities begin
Timeline: Spring 2027 | Substation clearing and grading begins
Timeline: Fall 2027 | Substation construction activities begin",georgia_power,4dc353e1aa73a6a37489f24d8d1d025ffdaf3f3f63cdbd58dd751520273df820,,"[""The source record has no supporting statement.""]",review,"[""MISSING_SUPPORTING_STATEMENT""]"
georgia-power-2026-aecc11f48e0f464e8c99,GPC,Grassy Hollow – Great Valley 230 kV,Grassy Hollow - Great Valley 230 kV,new_transmission_line,"As part of long-term investments in Georgia’s statewide transmission system, Georgia Power planned the Grassy Hollow–Great Valley 230 kV Transmission Project in Bartow County, which includes construction of a new Grassy Hollow substation and a new approximately 10.4-mile 230 kV transmission line connecting the Grassy Hollow Substation to the Great Valley substation. The project was developed to serve the electric needs of a large‑load customer that requires new transmission infrastructure, while also adding capacity and strengthening reliability for the local electric grid.","[""230 kV""]",[230.0],,,Q1 2027,,"[""Q1 2024 | Easement Acquisition Begins"",""Q2 2026 | Construction Begins"",""Q1 2027 | Project Completion""]",,,"[""Grassy Hollow"",""Great Valley""]","[""Bartow County""]",https://www.georgiapower.com/about/grid-reliability/grid-improvements/grid-projects/transmission-projects/grassy-hollow-great-valley.html,Grassy Hollow – Great Valley 230 kV,6,6,MEDIUM,,,,GPC,GPC,Q1 2027 | Project Completion,"[""Q2 2026 | Construction Begins""]",Bartow County,georgia-power-2026-current-transmission-projects,HIGH,BeautifulSoup,4.15.0,"{""balancing_authority_normalized"":{""notes"":null,""origin"":""deterministic_rule"",""rule_id"":""georgia_power_utility_v1"",""source_fields"":[""source""]},""endpoint_candidates"":{""notes"":""Text candidates only; no geocoding or entity resolution applied."",""origin"":""derived_from_source"",""rule_id"":""location_candidates_v1"",""source_fields"":[""project_name_raw""]},""length_miles"":{""notes"":""Values are preserved independently and are not summed."",""origin"":""derived_from_source"",""rule_id"":""length_miles_v1"",""source_fields"":[""description_raw""]},""location_mentions"":{""notes"":""Published county/region text only; no geocoding applied."",""origin"":""derived_from_source"",""rule_id"":""georgia_power_county_region_v1"",""source_fields"":[""county_region_raw""]},""project_name_normalized"":{""notes"":null,""origin"":""normalized"",""rule_id"":""project_name_v1"",""source_fields"":[""project_name_raw""]},""project_type"":{""notes"":null,""origin"":""normalized"",""rule_id"":""georgia_power_published_type_v1"",""source_fields"":[""project_type_raw""]},""voltage_kv"":{""notes"":null,""origin"":""derived_from_source"",""rule_id"":""voltage_kv_v1"",""source_fields"":[""project_name_raw"",""description_raw"",""supporting_statement_raw""]}}",[10.4],"[""10.4-mile""]",,georgia_power_current_v1,0.1.0,2026,,,,,HIGH,georgia_power_published_type_v1,New Transmission Line,"Project Name: Grassy Hollow – Great Valley 230 kV
County/Region: Bartow County
Type: New Transmission Line
About the Project: As part of long-term investments in Georgia’s statewide transmission system, Georgia Power planned the Grassy Hollow–Great Valley 230 kV Transmission Project in Bartow County, which includes construction of a new Grassy Hollow substation and a new approximately 10.4-mile 230 kV transmission line connecting the Grassy Hollow Substation to the Great Valley substation. The project was developed to serve the electric needs of a large‑load customer that requires new transmission infrastructure, while also adding capacity and strengthening reliability for the local electric grid.
Timeline: Q1 2024 | Easement Acquisition Begins
Timeline: Q2 2026 | Construction Begins
Timeline: Q1 2027 | Project Completion",georgia_power,b50458045b10c28df6f8283dcbb501102b5de997ee4fb02187369da160e9fa0a,,"[""The source record has no supporting statement.""]",review,"[""MISSING_SUPPORTING_STATEMENT""]"
georgia-power-2026-57d55e09e3bd5e9f6cb2,GPC,Hatch – Wadley Primary 500 kV,Hatch - Wadley Primary 500 kV,new_transmission_line,"As part of long-term investments in Georgia’s statewide transmission system, this project includes construction of an approximately 75-mile transmission line connecting Plant Hatch in Appling County to the Wadley Primary Substation in Jefferson County, crossing Toombs and Emanuel counties. Included in the Integrated Resource Plan , the project will strengthen grid reliability and help ensure reliable electric service to support long-term energy needs across the region.","[""500 kV""]",[500.0],,,Q1 2031,,"[""Q3 2026 | Community Meetings"",""Q4 2026 | Easement Acquisition Begins"",""Q1 2027 | Line Clearing and Grading Begins"",""Q4 2028 | Line Construction Begins"",""Q1 2031 | Project Completion""]",,,"[""Hatch"",""Wadley Primary""]","[""Appling, Emanuel, Jefferson, & Toombs counties""]",https://www.georgiapower.com/about/grid-reliability/grid-improvements/grid-projects/transmission-projects/hatch-wadley.html,Hatch – Wadley Primary 500 kV,7,7,MEDIUM,,,,GPC,GPC,Q1 2031 | Project Completion,"[""Q4 2028 | Line Construction Begins""]","Appling, Emanuel, Jefferson, & Toombs counties",georgia-power-2026-current-transmission-projects,HIGH,BeautifulSoup,4.15.0,"{""balancing_authority_normalized"":{""notes"":null,""origin"":""deterministic_rule"",""rule_id"":""georgia_power_utility_v1"",""source_fields"":[""source""]},""endpoint_candidates"":{""notes"":""Text candidates only; no geocoding or entity resolution applied."",""origin"":""derived_from_source"",""rule_id"":""location_candidates_v1"",""source_fields"":[""project_name_raw""]},""length_miles"":{""notes"":""Values are preserved independently and are not summed."",""origin"":""derived_from_source"",""rule_id"":""length_miles_v1"",""source_fields"":[""description_raw""]},""location_mentions"":{""notes"":""Published county/region text only; no geocoding applied."",""origin"":""derived_from_source"",""rule_id"":""georgia_power_county_region_v1"",""source_fields"":[""county_region_raw""]},""project_name_normalized"":{""notes"":null,""origin"":""normalized"",""rule_id"":""project_name_v1"",""source_fields"":[""project_name_raw""]},""project_type"":{""notes"":null,""origin"":""normalized"",""rule_id"":""georgia_power_published_type_v1"",""source_fields"":[""project_type_raw""]},""voltage_kv"":{""notes"":null,""origin"":""derived_from_source"",""rule_id"":""voltage_kv_v1"",""source_fields"":[""project_name_raw"",""description_raw"",""supporting_statement_raw""]}}",[75.0],"[""75-mile""]",,georgia_power_current_v1,0.1.0,2026,,,,,HIGH,georgia_power_published_type_v1,New Transmission Line,"Project Name: Hatch – Wadley Primary 500 kV
County/Region: Appling, Emanuel, Jefferson, & Toombs counties
Type: New Transmission Line
About the Project: As part of long-term investments in Georgia’s statewide transmission system, this project includes construction of an approximately 75-mile transmission line connecting Plant Hatch in Appling County to the Wadley Primary Substation in Jefferson County, crossing Toombs and Emanuel counties. Included in the Integrated Resource Plan , the project will strengthen grid reliability and help ensure reliable electric service to support long-term energy needs across the region.
Timeline: Q3 2026 | Community Meetings
Timeline: Q4 2026 | Easement Acquisition Begins
Timeline: Q1 2027 | Line Clearing and Grading Begins
Timeline: Q4 2028 | Line Construction Begins
Timeline: Q1 2031 | Project Completion",georgia_power,a2fd04a6fb2c09771000c341768ba15793b0a7afc53c4fc4edb42e04e8ff1646,,"[""The source record has no supporting statement.""]",review,"[""MISSING_SUPPORTING_STATEMENT""]"
georgia-power-2026-c78a361d12a5667dd3a1,GPC,Hills Bridge – Speedway 500/230 kV,Hills Bridge - Speedway 500/230 kV,new_transmission_line,"Georgia Power is planning the Hills Bridge–Speedway 500 kV Transmission Project in Henry and Clayton counties to support the electric needs of a data center customer that requires new transmission infrastructure, while also strengthening the local electric grid in a rapidly growing area. The project currently includes construction of three transmission lines, one 500 kV line and two 230 kV lines, as well as two new substations, Hills Bridge 500/230 kV Substation and Speedway 230 kV Substation. Together, these improvements will add capacity, enhance reliability for homes and businesses, and position the region to support continued growth and evolving energy needs.","[""500/230 kV"",""500 kV"",""230 kV""]","[500.0,230.0]",,,Q4 2028,,"[""Q4 2025 | Easement Acquisition Begins"",""Q2 2026 | Construction Begins"",""Q4 2028 | Project Completion""]",,,"[""Hills Bridge"",""Speedway""]","[""Clayton & Henry counties""]",https://www.georgiapower.com/about/grid-reliability/grid-improvements/grid-projects/transmission-projects/hills-bridge-speedway.html,Hills Bridge – Speedway 500/230 kV,5,5,HIGH,,,,GPC,GPC,Q4 2028 | Project Completion,"[""Q2 2026 | Construction Begins""]",Clayton & Henry counties,georgia-power-2026-current-transmission-projects,HIGH,BeautifulSoup,4.15.0,"{""balancing_authority_normalized"":{""notes"":null,""origin"":""deterministic_rule"",""rule_id"":""georgia_power_utility_v1"",""source_fields"":[""source""]},""endpoint_candidates"":{""notes"":""Text candidates only; no geocoding or entity resolution applied."",""origin"":""derived_from_source"",""rule_id"":""location_candidates_v1"",""source_fields"":[""project_name_raw""]},""length_miles"":{""notes"":""Values are preserved independently and are not summed."",""origin"":""derived_from_source"",""rule_id"":""length_miles_v1"",""source_fields"":[""description_raw""]},""location_mentions"":{""notes"":""Published county/region text only; no geocoding applied."",""origin"":""derived_from_source"",""rule_id"":""georgia_power_county_region_v1"",""source_fields"":[""county_region_raw""]},""project_name_normalized"":{""notes"":null,""origin"":""normalized"",""rule_id"":""project_name_v1"",""source_fields"":[""project_name_raw""]},""project_type"":{""notes"":null,""origin"":""normalized"",""rule_id"":""georgia_power_published_type_v1"",""source_fields"":[""project_type_raw""]},""voltage_kv"":{""notes"":null,""origin"":""derived_from_source"",""rule_id"":""voltage_kv_v1"",""source_fields"":[""project_name_raw"",""description_raw"",""supporting_statement_raw""]}}","[0.25,1.5,1.0]","["".25 mile"",""1.5 miles"",""1.0 mile""]",,georgia_power_current_v1,0.1.0,2026,,,,,HIGH,georgia_power_published_type_v1,New Transmission Line,"Project Name: Hills Bridge – Speedway 500/230 kV
County/Region: Clayton & Henry counties
Type: New Transmission Line
About the Project: Georgia Power is planning the Hills Bridge–Speedway 500 kV Transmission Project in Henry and Clayton counties to support the electric needs of a data center customer that requires new transmission infrastructure, while also strengthening the local electric grid in a rapidly growing area. The project currently includes construction of three transmission lines, one 500 kV line and two 230 kV lines, as well as two new substations, Hills Bridge 500/230 kV Substation and Speedway 230 kV Substation. Together, these improvements will add capacity, enhance reliability for homes and businesses, and position the region to support continued growth and evolving energy needs.
What's Included: Certain components of the project are being evaluated to support customer-specific needs, while all improvements contribute to strengthening the overall transmission system. Some elements are in the planning phase, and details may be refined as the project progresses. Hills Bridge 500/230 kV Substation: Construction of a new substation in Clayton County to support both 500 kV and 230 kV transmission infrastructure. Speedway 230 kV Substation: Construction of a new substation in Henry County that will serve this new data customer on the customer’s property. O’Hara–Scherer 500 kV Transmission Line (Hills Bridge Loop): Approximately .25 mile of new 500 kV transmission line in Clayton County connecting the new substation to existing transmission facilities. Hills Bridge–Speedway #1 230 kV Transmission Line: Approximately 1.5 miles of new 230 kV transmission line in Henry and Clayton counties. Hills Bridge–Speedway #2 230 kV Transmission Line: Approximately 1.0 mile of new 230 kV transmission line connecting nearby substations and operating alongside other new facilities. the electric grid with added transmission capacity. large-load demands while reinforcing local system. for growing energy needs in Georgia
Timeline: Q4 2025 | Easement Acquisition Begins
Timeline: Q2 2026 | Construction Begins
Timeline: Q4 2028 | Project Completion",georgia_power,41a6aee030e39325ab975fea6321fd5f31ae063d0272108863951b72c4afb82f,"Certain components of the project are being evaluated to support customer-specific needs, while all improvements contribute to strengthening the overall transmission system. Some elements are in the planning phase, and details may be refined as the project progresses. Hills Bridge 500/230 kV Substation: Construction of a new substation in Clayton County to support both 500 kV and 230 kV transmission infrastructure. Speedway 230 kV Substation: Construction of a new substation in Henry County that will serve this new data customer on the customer’s property. O’Hara–Scherer 500 kV Transmission Line (Hills Bridge Loop): Approximately .25 mile of new 500 kV transmission line in Clayton County connecting the new substation to existing transmission facilities. Hills Bridge–Speedway #1 230 kV Transmission Line: Approximately 1.5 miles of new 230 kV transmission line in Henry and Clayton counties. Hills Bridge–Speedway #2 230 kV Transmission Line: Approximately 1.0 mile of new 230 kV transmission line connecting nearby substations and operating alongside other new facilities. the electric grid with added transmission capacity. large-load demands while reinforcing local system. for growing energy needs in Georgia",[],valid,[]
georgia-power-2026-a84d843ee3a3cc43ff5f,GPC,Tomochichi - Towaliga River 230 kV,Tomochichi - Towaliga River 230 kV,area_project,"Georgia Power is planning the Tomochichi – Towaliga River Transmission Project in Butts and Spalding counties to support the electric needs of a large‑load customer that requires new transmission infrastructure, while also strengthening the local electric grid in a growing area. The project includes construction of new transmission lines and substations to add capacity, enhance reliability for homes and businesses, and support continued growth and evolving energy needs across the region.","[""230 kV""]",[230.0],,,Q4 2027,,"[""Q3 2025 | Tomochichi Substation Land Acquisition Activities Began"",""Q1 2026 | Tomochichi Substation Construction Began"",""Q2 2026 - Q1 2027 | Transmission Line Survey Notifications and Land Acquisition Activities"",""Q3 2026 | Transmission Line Clearing and Grading Begins"",""Q1 2027 | Transmission Line Construction Begins"",""Q3 2027 | Tomochichi Substation Complete"",""Q4 2027 | Project Completion Target""]",,,"[""Tomochichi"",""Towaliga River""]","[""Butts & Spalding counties""]",https://www.georgiapower.com/about/grid-reliability/grid-improvements/grid-projects/transmission-projects/tomochichi-towaliga.html,Tomochichi - Towaliga River 230 kV,0,0,HIGH,,,,GPC,GPC,Q4 2027 | Project Completion Target,"[""Q1 2026 | Tomochichi Substation Construction Began"",""Q1 2027 | Transmission Line Construction Begins""]",Butts & Spalding counties,georgia-power-2026-current-transmission-projects,HIGH,BeautifulSoup,4.15.0,"{""balancing_authority_normalized"":{""notes"":null,""origin"":""deterministic_rule"",""rule_id"":""georgia_power_utility_v1"",""source_fields"":[""source""]},""endpoint_candidates"":{""notes"":""Text candidates only; no geocoding or entity resolution applied."",""origin"":""derived_from_source"",""rule_id"":""location_candidates_v1"",""source_fields"":[""project_name_raw""]},""length_miles"":{""notes"":""Values are preserved independently and are not summed."",""origin"":""derived_from_source"",""rule_id"":""length_miles_v1"",""source_fields"":[""description_raw""]},""location_mentions"":{""notes"":""Published county/region text only; no geocoding applied."",""origin"":""derived_from_source"",""rule_id"":""georgia_power_county_region_v1"",""source_fields"":[""county_region_raw""]},""project_name_normalized"":{""notes"":null,""origin"":""normalized"",""rule_id"":""project_name_v1"",""source_fields"":[""project_name_raw""]},""project_type"":{""notes"":null,""origin"":""normalized"",""rule_id"":""georgia_power_published_type_v1"",""source_fields"":[""project_type_raw""]},""voltage_kv"":{""notes"":null,""origin"":""derived_from_source"",""rule_id"":""voltage_kv_v1"",""source_fields"":[""project_name_raw"",""description_raw"",""supporting_statement_raw""]}}",[5.0],"[""5‑mile""]",,georgia_power_current_v1,0.1.0,2026,,,,,HIGH,georgia_power_published_type_v1,Area Project,"Project Name: Tomochichi - Towaliga River 230 kV
County/Region: Butts & Spalding counties
Type: Area Project
About the Project: Georgia Power is planning the Tomochichi – Towaliga River Transmission Project in Butts and Spalding counties to support the electric needs of a large‑load customer that requires new transmission infrastructure, while also strengthening the local electric grid in a growing area. The project includes construction of new transmission lines and substations to add capacity, enhance reliability for homes and businesses, and support continued growth and evolving energy needs across the region.
What's Included: Certain components of the project are being evaluated to support specific customer needs, while all improvements contribute to strengthening the overall transmission system. Some elements are currently in the planning phase, and details may be refined as the project progresses. Tomochichi – Towaliga River #1 230 kV Transmission Line : Construction of one new approximately 5‑mile 230 kV transmission line located in portions of Butts and Spalding counties. Tomochichi – Towaliga River #2 230 kV Transmission Line : Construction of one new approximately 5‑mile 230 kV transmission line located in portions of Butts and Spalding counties. Tomochichi Substation : Construction of a new substation to support the new transmission lines and enhance system capacity and reliability in the area. Tomochichi – Towaliga River #1 230 kV Transmission Line : Construction of one new approximately 5‑mile 230 kV transmission line located in portions of Butts and Spalding counties. Tomochichi – Towaliga River #2 230 kV Transmission Line : Construction of one new approximately 5‑mile 230 kV transmission line located in portions of Butts and Spalding counties. Tomochichi Substation : Construction of a new substation to support the new transmission lines and enhance system capacity and reliability in the area. the electric grid with added transmission capacity. large-load demands while reinforcing local system. for growing energy needs in Georgia
Timeline: Q3 2025 | Tomochichi Substation Land Acquisition Activities Began
Timeline: Q1 2026 | Tomochichi Substation Construction Began
Timeline: Q2 2026 - Q1 2027 | Transmission Line Survey Notifications and Land Acquisition Activities
Timeline: Q3 2026 | Transmission Line Clearing and Grading Begins
Timeline: Q1 2027 | Transmission Line Construction Begins
Timeline: Q3 2027 | Tomochichi Substation Complete
Timeline: Q4 2027 | Project Completion Target",georgia_power,525618f39573a1aab22419abfae9ef595ae1a359d0db700a5dbd140182c66202,"Certain components of the project are being evaluated to support specific customer needs, while all improvements contribute to strengthening the overall transmission system. Some elements are currently in the planning phase, and details may be refined as the project progresses. Tomochichi – Towaliga River #1 230 kV Transmission Line : Construction of one new approximately 5‑mile 230 kV transmission line located in portions of Butts and Spalding counties. Tomochichi – Towaliga River #2 230 kV Transmission Line : Construction of one new approximately 5‑mile 230 kV transmission line located in portions of Butts and Spalding counties. Tomochichi Substation : Construction of a new substation to support the new transmission lines and enhance system capacity and reliability in the area. Tomochichi – Towaliga River #1 230 kV Transmission Line : Construction of one new approximately 5‑mile 230 kV transmission line located in portions of Butts and Spalding counties. Tomochichi – Towaliga River #2 230 kV Transmission Line : Construction of one new approximately 5‑mile 230 kV transmission line located in portions of Butts and Spalding counties. Tomochichi Substation : Construction of a new substation to support the new transmission lines and enhance system capacity and reliability in the area. the electric grid with added transmission capacity. large-load demands while reinforcing local system. for growing energy needs in Georgia",[],valid,[]
